FAP_2021,Intitulé FAP,Rome,Qualification,Intitulé Rome,,,,,
A0X40,Agriculteurs,A1416,Q_0123456,"Polyculture, élevage",,,,,
A0X41f,Aides d'éleveurs,A1403,,Aide d'élevage agricole et aquacole,,,,,
A0X41a,Eleveurs de bovins ou d'équins,A1407,,Élevage bovin ou équin,,,,,
A0X41b,"Eleveurs d'insectes, d'animaux sauvages ou de compagnie",A1408,,Élevage d'animaux sauvages ou de compagnie,,,,,
A0X41c,Eleveurs de lapins et volailles,A1409,,Élevage de lapins et volailles,,Rang,Code ROME,Intitulé ROME,Commentaire Stratégique
A0X41d,Eleveurs d'ovins ou de caprins,A1410,,Élevage ovin ou caprin,,1,M1302,Direction de petite ou moyenne entreprise,"Ton cœur de cible. Correspond parfaitement à ton expérience de PDG (Vers la Terre, Imisiba) et ta capacité à gérer P&L, RH et Stratégie33333333.
+3"
A0X41e,Eleveurs de porcins,A1411,,Élevage porcin,,2,A1303,Ingénierie en agriculture et environnement naturel,"Ton expertise métier actuelle. Indispensable pour valoriser tes compétences en agroécologie, sols vivants et gestion des biodéchets444444444.
+2"
A0X42a,Bûcherons et élagueurs,A1201,,Bûcheronnage et élagage,,3,M1402,Conseil en organisation et management d'entreprise,"Ton rôle de consultant. Idéal pour vendre tes audits stratégiques et ta capacité à redresser/structurer des organisations (ex: Zion Holding, France Perfusion)5555.
+1"
A0X42b,"Sylviculteurs, agents forestiers et agents de protection des espaces naturels",A1204,Q_123456,Protection du patrimoine naturel,,4,K1802,Développement local,"Le pivot ""Impact"". Correspond à tes missions de résilience territoriale, économie circulaire et projets avec bailleurs (Enabel, UE)6666.
+1"
A0X42b,"Sylviculteurs, agents forestiers et agents de protection des espaces naturels",A1205,,Sylviculture,,5,K2306,Supervision d'exploitation éco industrielle,"Ta niche technique. Cible directement tes compétences en gestion industrielle des déchets, STEP et unités de lombricompostage7777.
+1"
A0X43,Conducteurs d'engins agricoles ou forestiers,A1101,,Conduite d'engins d'exploitation agricole et forestière,,6,K2111,Formation professionnelle,"Ta compétence transverse. Tu as créé des centres, géré Datadock/Qualiopi et conçu de l'ingénierie pédagogique. À utiliser pour des postes de Direction de formation8888.
+1"
A1X40,Maraîchers et horticulteurs,A1402,,Aide agricole de production légumière ou végétale,,7,H2502,Management et ingénierie de production,"L'approche industrielle. Valide ta capacité à piloter des process de transformation (biomasse, brasserie) avec des exigences de rendement et qualité9999.
+1"
A1X40,Maraîchers et horticulteurs,A1414,,Horticulture et maraîchage,,8,M1803,Direction des systèmes d'information,"Ton atout ""Tech"". Ne le néglige pas. Ta capacité à gérer des projets IT complexes (SaaS, IoT, E-santé) te distingue des agronomes classiques10101010.
+1"
A1X41,Jardiniers des espaces verts et naturels,A1202,,Entretien des espaces naturels,,9,M1802,Conseil et maîtrise d'ouvrage en systèmes d'information,"Le lien Métier/Tech. Correspond exactement à ton rôle d'AMOA (Cahier des charges, Offline-First, ERP Agricole)11111111.
+1"
A1X41,Jardiniers des espaces verts et naturels,A1203,,Entretien des espaces verts,,10,K1401,Conception et pilotage de la politique des pouvoirs publics,"L'ambition institutionnelle. Pour viser des postes de coordination de programmes (ONU, Ministères) en lien avec tes aspirations internationales12."
A1X41,Jardiniers des espaces verts et naturels,F1101,Q_0123456,Architecture du BTP*,,11,H1302,Management et ingénierie Hygiène Sécurité Environnement -HSE- industriels,"La conformité. S'appuie sur tes audits (Sunstone) et ta maîtrise des normes (ISO 14001, HACCP)13131313.
+1"
A1X42,"Viticulteurs, arboriculteurs",A1401,,Aide agricole de production fruitière ou viticole,,12,K2103,Direction d'établissement et d'enseignement,Gestionnaire éducatif. Logique suite à la création et gestion administrative/financière de tes centres de formation14.
A1X42,"Viticulteurs, arboriculteurs",A1405,,Arboriculture et viticulture,,13,A1301,Conseil et assistance technique en agriculture,"L'expert terrain. Pour des missions plus opérationnelles de déploiement de solutions (Biochar, LiFoFer) auprès de coopératives15151515.
+1"
A2X70a,Techniciens et agents de conseil et assistance technique en agriculture,A1301,Q_012345678,Conseil et assistance technique en agriculture,,14,K2302,Management et inspection en environnement urbain,"Gestion des déchets urbains. Colle à ton expérience à Bujumbura (déchets de marché, plastique) et gestion des services urbains16161616.
+1"
A2X70b,Techniciens et agents de contrôle et diagnostic technique en agriculture,A1302,Q_012345678,Contrôle et diagnostic technique en agriculture,,15,M1301,Direction de grande entreprise ou d'établissement public,"Le plafond de verre. À cibler si tu vises des directions de filiales ou de gros programmes internationaux, justifié par ta gestion de croissance rapide17171717.
+2"
A2X70c,"Techniciens et agents de maîtrise en agriculture, élevage et environnement naturel",A1303,Q_12345678,Ingénierie en agriculture et environnement naturel,,16,M1703,Management et gestion de produit,"L'innovation. Pour valoriser ton expérience de création de produits (logiciels, lombricomposteurs, bières) de l'idée au marché18181818.
+1"
A2X70c,"Techniciens et agents de maîtrise en agriculture, élevage et environnement naturel",A1416,Q_78,"Polyculture, élevage",,17,K2402,"Recherche en sciences de l'univers, de la matière et du vivant","La caution scientifique. Utile pour le volet R&D (protocoles de fermentation, analyse de sols) même sans doctorat, grâce à tes résultats prouvés19."
A2X90,"Ingénieurs, cadres techniques de l'agriculture",A1416,Q_9,"Polyculture, élevage",,18,M1503,Management des ressources humaines,"Le gestionnaire d'équipes. Tu as recruté, formé et géré des équipes pluridisciplinaires (jusqu'à 50 personnes), une compétence clé de direction20202020.
+1"
A2X90,"Ingénieurs, cadres techniques de l'agriculture",A1301,Q_9,Conseil et assistance technique en agriculture,,19,M1707,Stratégie commerciale,"Le Business Developer. Ton historique de croissance de CA (+157%) prouve que tu sais définir et exécuter une stratégie de vente agressive21212121.
+1"
A2X90,"Ingénieurs, cadres techniques de l'agriculture",A1302,Q_9,Contrôle et diagnostic technique en agriculture,,20,H1402,Management et ingénierie méthodes et industrialisation,"L'optimisateur. Correspond à ta capacité à structurer des processus (Workflow, Lean, passage à l'échelle)22222222.
+1"
A2X90,"Ingénieurs, cadres techniques de l'agriculture",A1303,Q_09,Ingénierie en agriculture et environnement naturel,,,,,
A3X40a,Aquaculteurs et saliculteurs,A1404,,Aquaculture,,,,,
A3X40b,Marins d'équipage de pêche,A1415,,Équipage de la pêche,,,,,
A3X40a,Aquaculteurs et saliculteurs,A1417,,Saliculture,,,,,
A3X41,Marins,N3102,Q_0123456,Équipage de la navigation maritime,,,,,
A3X41,Marins,N3103,,Navigation fluviale,,,,,
A3X90,Cadres et maîtres d'équipage de la marine,A1406,,Encadrement équipage de la pêche,,,,,
A3X90,Cadres et maîtres d'équipage de la marine,N3101,,Encadrement de la navigation maritime,,,,,
A3X90,Cadres et maîtres d'équipage de la marine,N3102,Q_7,Équipage de la navigation maritime,,,,,
A3X90,Cadres et maîtres d'équipage de la marine,N3102,Q_89,Équipage de la navigation maritime,,,,,
B0X30,Ouvriers peu qualifiés de l'extraction et des travaux publics,F1401,Q_125,Extraction liquide et gazeuse,,,,,
B0X30,Ouvriers peu qualifiés de l'extraction et des travaux publics,F1402,Q_125,Extraction solide,,,,,
B0X32a,Ouvriers peu qualifiés en construction en béton,F1701,Q_125,Construction en béton,,,,,
B0X30,Ouvriers peu qualifiés de l'extraction et des travaux publics,F1702,Q_125,Construction de routes et voies,,,,,
B0X30,Ouvriers peu qualifiés de l'extraction et des travaux publics,F1704,Q_125,Préparation du gros œuvre et des travaux publics,,,,,
B0X31,Ouvriers qualifiés de l'extraction et des travaux publics,F1704,Q_0346,Préparation du gros œuvre et des travaux publics,,,,,
B6X73,Techniciens et agents de maîtrise de chantiers du BTP,F1704,Q_789,Préparation du gros œuvre et des travaux publics,,,,,
B0X30,Ouvriers peu qualifiés de l'extraction et des travaux publics,F1705,Q_125,Pose de canalisations,,,,,
B0X30,Ouvriers peu qualifiés de l'extraction et des travaux publics,I1502,Q_125,Intervention en milieu subaquatique,,,,,
B1X33a,Charpentiers peu qualifiés,F1501,Q_125,Montage de structures et de charpentes bois,,,,,
B1X33a,Charpentiers peu qualifiés,F1502,Q_125,Montage de structures métalliques,,,,,
B1X33a,Charpentiers peu qualifiés,F1503,Q_125,Réalisation - installation d'ossatures bois,,,,,
B2X30a,Ouvriers peu qualifiés en pose et décoration de revêtements,F1608,Q_125,Pose de revêtements rigides,,,,,
B1X34a,Couvreurs peu qualifiés,F1610,Q_125,Pose et restauration de couvertures,,,,,
B2X31a,"Ouvriers peu qualifiés en travaux de façade, d'étanchéité et d'isolation",F1611,Q_125,Réalisation et restauration de façades,,,,,
B2X31a,"Ouvriers peu qualifiés en travaux de façade, d'étanchéité et d'isolation",F1613,Q_125,Travaux d'étanchéité et d'isolation,,,,,
B1X30,Maçons peu qualifiés,F1703,Q_125,Maçonnerie,,,,,
B0X31,Ouvriers qualifiés de l'extraction et des travaux publics,F1401,Q_0346,Extraction liquide et gazeuse,,,,,
B6X73,Techniciens et agents de maîtrise de chantiers du BTP,F1401,Q_789,Extraction liquide et gazeuse,,,,,
B0X31,Ouvriers qualifiés de l'extraction et des travaux publics,F1402,Q_0346,Extraction solide,,,,,
B6X73,Techniciens et agents de maîtrise de chantiers du BTP,F1402,Q_789,Extraction solide,,,,,
B6X73,Techniciens et agents de maîtrise de chantiers du BTP,F1701,Q_789,Construction en béton,,,,,
B0X32b,Ouvriers qualifiés en construction en béton,F1701,Q_0346,Construction en béton,,,,,
B0X31,Ouvriers qualifiés de l'extraction et des travaux publics,F1702,Q_0346,Construction de routes et voies,,,,,
B6X73,Techniciens et agents de maîtrise de chantiers du BTP,F1702,Q_789,Construction de routes et voies,,,,,
B0X31,Ouvriers qualifiés de l'extraction et des travaux publics,F1705,Q_0346,Pose de canalisations,,,,,
B6X73,Techniciens et agents de maîtrise de chantiers du BTP,F1705,Q_789,Pose de canalisations,,,,,
B0X31,Ouvriers qualifiés de l'extraction et des travaux publics,I1502,Q_0346,Intervention en milieu subaquatique,,,,,
B6X73,Techniciens et agents de maîtrise de chantiers du BTP,I1502,Q_789,Intervention en milieu subaquatique,,,,,
B6X73,Techniciens et agents de maîtrise de chantiers du BTP,F1608,Q_789,Pose de revêtements rigides,,,,,
B2X30b,Ouvriers qualifiés en pose et décoration de revêtements,F1608,Q_0346,Pose de revêtements rigides,,,,,
B2X31b,"Ouvriers qualifiés en travaux de façade, d'étanchéité et d'isolation",F1611,Q_0346,Réalisation et restauration de façades,,,,,
B6X73,Techniciens et agents de maîtrise de chantiers du BTP,F1611,Q_789,Réalisation et restauration de façades,,,,,
B2X31b,"Ouvriers qualifiés en travaux de façade, d'étanchéité et d'isolation",F1613,Q_0346,Travaux d'étanchéité et d'isolation,,,,,
B6X73,Techniciens et agents de maîtrise de chantiers du BTP,F1613,Q_789,Travaux d'étanchéité et d'isolation,,,,,
B1X31,Maçons qualifiés,F1703,Q_0346,Maçonnerie,,,,,
B6X73,Techniciens et agents de maîtrise de chantiers du BTP,F1703,Q_78,Maçonnerie,,,,,
B7X92e,Cadres de la conduite de travaux du BTP et de la direction en entretien des infrastructures et du bâti,F1703,Q_9,Maçonnerie,,,,,
B1X38,Professionnels du travail de la pierre et des matériaux associés,F1612,,Taille et décoration de pierres,,,,,
B1X33b,Charpentiers qualifiés,F1502,Q_0346,Montage de structures métalliques,,,,,
B6X73,Techniciens et agents de maîtrise de chantiers du BTP,F1502,Q_789,Montage de structures métalliques,,,,,
B1X33b,Charpentiers qualifiés,F1501,Q_0346,Montage de structures et de charpentes bois,,,,,
B6X73,Techniciens et agents de maîtrise de chantiers du BTP,F1501,Q_789,Montage de structures et de charpentes bois,,,,,
B1X33b,Charpentiers qualifiés,F1503,Q_0346,Réalisation - installation d'ossatures bois,,,,,
B6X73,Techniciens et agents de maîtrise de chantiers du BTP,F1503,Q_789,Réalisation - installation d'ossatures bois,,,,,
B6X73,Techniciens et agents de maîtrise de chantiers du BTP,F1610,Q_789,Pose et restauration de couvertures,,,,,
B1X34b,Couvreurs qualifiés,F1610,Q_0346,Pose et restauration de couvertures,,,,,
B2X30a,Ouvriers peu qualifiés en pose et décoration de revêtements,F1601,Q_125,"Application et décoration en plâtre, stuc et staff",,,,,
B2X32a,Ouvriers peu qualifiés en électricité du bâtiment,F1602,Q_125,Électricité bâtiment,,,,,
B2X33a,"Plombiers, chauffagistes peu qualifiés",F1603,Q_125,Installation d'équipements sanitaires et thermiques,,,,,
B2X37,Ouvriers peu qualifiés en menuiserie et en agencement du BTP,F1604,Q_125,Montage d'agencements,,,,,
B2X35,Ouvriers en montage réseaux électriques et télécoms,F1605,Q_125,Montage réseaux électriques et télécoms,,,,,
B2X36a,Ouvriers peu qualifiés en peinture en bâtiment,F1606,Q_125,Peinture en bâtiment,,,,,
B2X37,Ouvriers peu qualifiés en menuiserie et en agencement du BTP,F1607,Q_125,Pose de fermetures menuisées,,,,,
B2X30a,Ouvriers peu qualifiés en pose et décoration de revêtements,F1609,Q_125,Pose de revêtements souples,,,,,
B2X37,Ouvriers peu qualifiés en menuiserie et en agencement du BTP,H2206,Q_125,Réalisation de menuiserie bois et tonnellerie,,,,,
B2X33b,"Plombiers, chauffagistes qualifiés",F1603,Q_0346,Installation d'équipements sanitaires et thermiques,,,,,
B6X73,Techniciens et agents de maîtrise de chantiers du BTP,F1603,Q_789,Installation d'équipements sanitaires et thermiques,,,,,
B2X38,Ouvriers qualifiés en menuiserie et en agencement du BTP,F1604,Q_0346,Montage d'agencements,,,,,
B6X73,Techniciens et agents de maîtrise de chantiers du BTP,F1604,Q_789,Montage d'agencements,,,,,
B2X38,Ouvriers qualifiés en menuiserie et en agencement du BTP,F1607,Q_0346,Pose de fermetures menuisées,,,,,
B6X73,Techniciens et agents de maîtrise de chantiers du BTP,F1607,Q_789,Pose de fermetures menuisées,,,,,
B2X38,Ouvriers qualifiés en menuiserie et en agencement du BTP,H2206,Q_0346,Réalisation de menuiserie bois et tonnellerie,,,,,
B6X73,Techniciens et agents de maîtrise de chantiers du BTP,H2206,Q_789,Réalisation de menuiserie bois et tonnellerie,,,,,
B2X32b,Ouvriers qualifiés en électricité du bâtiment,F1602,Q_0346,Électricité bâtiment,,,,,
B6X73,Techniciens et agents de maîtrise de chantiers du BTP,F1602,Q_789,Électricité bâtiment,,,,,
B2X35,Ouvriers en montage réseaux électriques et télécoms,F1605,Q_0346,Montage réseaux électriques et télécoms,,,,,
B6X73,Techniciens et agents de maîtrise de chantiers du BTP,F1605,Q_789,Montage réseaux électriques et télécoms,,,,,
B2X30b,Ouvriers qualifiés en pose et décoration de revêtements,F1601,Q_0346,"Application et décoration en plâtre, stuc et staff",,,,,
B6X73,Techniciens et agents de maîtrise de chantiers du BTP,F1601,Q_789,"Application et décoration en plâtre, stuc et staff",,,,,
B2X36b,Ouvriers qualifiés en peinture en bâtiment,F1606,Q_0346,Peinture en bâtiment,,,,,
B6X73,Techniciens et agents de maîtrise de chantiers du BTP,F1606,Q_789,Peinture en bâtiment,,,,,
B2X30b,Ouvriers qualifiés en pose et décoration de revêtements,F1609,Q_0346,Pose de revêtements souples,,,,,
B6X73,Techniciens et agents de maîtrise de chantiers du BTP,F1609,Q_789,Pose de revêtements souples,,,,,
B5X40a,Conducteurs de grue,F1301,,Conduite de grue,,,,,
B5X40b,Conducteurs d'engins de terrassement et de carrière,F1302,,Conduite d'engins de terrassement et de carrière,,,,,
J0X32,"Conducteurs d’engins légers de déplacement de charges, cariste",N1104,,Manœuvre et conduite d'engins lourds de manutention,,,,,
B6X70,Géomètres,F1107,Q_012345678,Mesures topographiques,,,,,
B7X91,"Cadres des études BTP, des études géologiques, du métré de la construction et du contrôle et diagnostic technique du BTP",F1107,Q_9,Mesures topographiques,,,,,
B6X71a,"Techniciens et agents de maîtrise des études BTP, des études géologiques et du contrôle et diagnostic technique du BTP",F1103,Q_01235678,Contrôle et diagnostic technique du bâtiment,,,,,
B6X71a,"Techniciens et agents de maîtrise des études BTP, des études géologiques et du contrôle et diagnostic technique du BTP",F1105,Q_01235678,Études géologiques,,,,,
B6X71a,"Techniciens et agents de maîtrise des études BTP, des études géologiques et du contrôle et diagnostic technique du BTP",F1106,Q_01235678,Ingénierie et études du BTP,,,,,
B6X71d,Techniciens et agents de maîtrise du métré de la construction,F1108,Q_01235678,Métré de la construction,,,,,
H0X90,Techniciens du contrôle qualité,F1204,Q_012345678,Sécurité et protection santé du BTP,,,,,
B6X72,Dessinateurs en bâtiment et en travaux publics,F1104,Q_012345678,Dessin BTP,,,,,
B7X91,"Cadres des études BTP, des études géologiques, du métré de la construction et du contrôle et diagnostic technique du BTP",F1104,Q_9,Dessin BTP,,,,,
B6X74,Conducteurs de travaux et chefs de chantier non cadres,F1201,Q_01235678,Conduite de travaux du BTP,,,,,
B6X74,Conducteurs de travaux et chefs de chantier non cadres,F1202,Q_01235678,Direction de chantier du BTP,,,,,
B7X90,Architectes,F1101,Q_789,Architecture du BTP,,,,,
U1X82a,Concepteur-décorateur d’espaces,F1102,Q_789,Conception aménagement d'espaces intérieurs,,,,,
B7X91,"Cadres des études BTP, des études géologiques, du métré de la construction et du contrôle et diagnostic technique du BTP",F1103,Q_49,Contrôle et diagnostic technique du bâtiment,,,,,
B7X91,"Cadres des études BTP, des études géologiques, du métré de la construction et du contrôle et diagnostic technique du BTP",F1105,Q_49,Études géologiques,,,,,
B7X91,"Cadres des études BTP, des études géologiques, du métré de la construction et du contrôle et diagnostic technique du BTP",F1106,Q_49,Ingénierie et études du BTP,,,,,
B7X91,"Cadres des études BTP, des études géologiques, du métré de la construction et du contrôle et diagnostic technique du BTP",F1108,Q_49,Métré de la construction,,,,,
B7X92e,Cadres de la conduite de travaux du BTP et de la direction en entretien des infrastructures et du bâti,F1201,Q_49,Conduite de travaux du BTP,,,,,
B7X92f,Cadres en Direction de chantier du BTP,F1202,Q_49,Direction de chantier du BTP,,,,,
B7X92g,Cadres en Direction et ingénierie d'exploitation de gisements et de carrières,F1203,,Direction et ingénierie d'exploitation de gisements et de carrières,,,,,
H1X93c,Ingénieurs et cadres techniques en management et ingénierie qualité industrielle et BTP,F1204,Q_9,Sécurité et protection santé du BTP,,,,,
B7X92e,Cadres de la conduite de travaux du BTP et de la direction en entretien des infrastructures et du bâti,I1101,,Direction et ingénierie en entretien infrastructure et bâti,,,,,
C0X30a,Ouvriers peu qualifiés de l'électricité et de l'électronique,H2601,Q_125,Bobinage électrique,,,,,
C0X30a,Ouvriers peu qualifiés de l'électricité et de l'électronique,H2602,Q_125,Câblage électrique et électromécanique,,,,,
C0X30a,Ouvriers peu qualifiés de l'électricité et de l'électronique,H2603,Q_125,"Conduite d'installation automatisée de production électrique, électronique et microélectronique",,,,,
C0X30a,Ouvriers peu qualifiés de l'électricité et de l'électronique,H2604,Q_125,Montage de produits électriques et électroniques,,,,,
C0X30a,Ouvriers peu qualifiés de l'électricité et de l'électronique,H2605,Q_125,Montage et câblage électronique,,,,,
H0X40a,Ouvriers qualifiés du contrôle qualité,H1504,Q_0123456,Intervention technique en contrôle essai qualité en électricité et électronique,,,,,
C0X30b,Ouvriers qualifiés de l'électricité et de l'électronique,H2601,Q_0346,Bobinage électrique,,,,,
C2X70,"Techniciens, agents de maîtrise et assimilés en électricité et en électronique",H2601,Q_789,Bobinage électrique,,,,,
C0X30b,Ouvriers qualifiés de l'électricité et de l'électronique,H2602,Q_0346,Câblage électrique et électromécanique,,,,,
C2X70,"Techniciens, agents de maîtrise et assimilés en électricité et en électronique",H2602,Q_789,Câblage électrique et électromécanique,,,,,
C0X30b,Ouvriers qualifiés de l'électricité et de l'électronique,H2603,Q_0346,"Conduite d'installation automatisée de production électrique, électronique et microélectronique",,,,,
C2X70,"Techniciens, agents de maîtrise et assimilés en électricité et en électronique",H2603,Q_78,"Conduite d'installation automatisée de production électrique, électronique et microélectronique",,,,,
H1X90,Ingénieurs et cadres de fabrication et de la production,H2603,Q_9,"Conduite d'installation automatisée de production électrique, électronique et microélectronique",,,,,
C0X30b,Ouvriers qualifiés de l'électricité et de l'électronique,H2604,Q_0346,Montage de produits électriques et électroniques,,,,,
C2X70,"Techniciens, agents de maîtrise et assimilés en électricité et en électronique",H2604,Q_789,Montage de produits électriques et électroniques,,,,,
C0X30b,Ouvriers qualifiés de l'électricité et de l'électronique,H2605,Q_0346,Montage et câblage électronique,,,,,
C2X70,"Techniciens, agents de maîtrise et assimilés en électricité et en électronique",H2605,Q_789,Montage et câblage électronique,,,,,
H0X90,Techniciens du contrôle qualité,H1207,Q_012345678,Rédaction technique,,,,,
H1X93c,Ingénieurs et cadres techniques en management et ingénierie qualité industrielle et BTP,H1207,Q_9,Rédaction technique,,,,,
N0X70,"Techniciens d'étude, recherche et développement",H1209,Q_012345678,Intervention technique en études et développement électronique,,,,,
N1X90,"Ingénieurs et cadres d'étude, recherche et développement (industrie)",H1209,Q_9,Intervention technique en études et développement électronique,,,,,
H0X90,Techniciens du contrôle qualité,H1504,Q_78,Intervention technique en contrôle essai qualité en électricité et électronique,,,,,
H1X93c,Ingénieurs et cadres techniques en management et ingénierie qualité industrielle et BTP,H1504,Q_9,Intervention technique en contrôle essai qualité en électricité et électronique,,,,,
H0X91,Techniciens du dessin industriel,H1202,Q_012345678,Conception et dessin produits électriques et électroniques,,,,,
H1X90,Ingénieurs et cadres de fabrication et de la production,H1202,Q_9,Conception et dessin produits électriques et électroniques,,,,,
C0X30b,Ouvriers qualifiés de l'électricité et de l'électronique,H2501,Q_0123456,Encadrement de production de matériel électrique et électronique,,,,,
C2X70,"Techniciens, agents de maîtrise et assimilés en électricité et en électronique",H2501,Q_78,Encadrement de production de matériel électrique et électronique,,,,,
H1X90,Ingénieurs et cadres de fabrication et de la production,H2501,Q_9,Encadrement de production de matériel électrique et électronique,,,,,
D1X30a,Ouvriers peu qualifiés en chaudronnerie et tôlerie,H2902,Q_125,Chaudronnerie - tôlerie,,,,,
D0X30,Ouvriers peu qualifiés en conduite d'équipement d'usinage,H2903,Q_125,Conduite d'équipement d'usinage,,,,,
D1X30a,Ouvriers peu qualifiés en chaudronnerie et tôlerie,H2904,Q_125,Conduite d'équipement de déformation des métaux,,,,,
D0X30,Ouvriers peu qualifiés en conduite d'équipement d'usinage,H2905,Q_125,Conduite d'équipement de formage et découpage des matériaux,,,,,
D2X30,"Ouvriers peu qualifiés en ajustement, montage et assemblage mécanique",H2906,Q_125,Conduite d'installation automatisée ou robotisée de fabrication mécanique,,,,,
D1X32,Tuyauteurs,H2914,Q_125,Réalisation et montage en tuyauterie,,,,,
E2X20,Ouvriers peu qualifiés des industries chimiques et plastiques,H3203,Q_125,Fabrication de pièces en matériaux composites,,,,,
D0X33,Régleurs,H2912,Q_0123456,Réglage d'équipement de production industrielle,,,,,
D0X31,Ouvriers qualifiés en conduite d'équipement d'usinage,H2903,Q_0346,Conduite d'équipement d'usinage,,,,,
D6X70,Techniciens en mécanique et travail des métaux,H2903,Q_7,Conduite d'équipement d'usinage,,,,,
D6X80,Agents de maîtrise et assimilés en fabrication mécanique,H2903,Q_89,Conduite d'équipement d'usinage,,,,,
D0X31,Ouvriers qualifiés en conduite d'équipement d'usinage,H2905,Q_0346,Conduite d'équipement de formage et découpage des matériaux,,,,,
D6X70,Techniciens en mécanique et travail des métaux,H2905,Q_7,Conduite d'équipement de formage et découpage des matériaux,,,,,
D6X80,Agents de maîtrise et assimilés en fabrication mécanique,H2905,Q_89,Conduite d'équipement de formage et découpage des matériaux,,,,,
D2X31,"Ouvriers qualifiés en ajustement, montage et assemblage mécanique",H2906,Q_0346789,Conduite d'installation automatisée ou robotisée de fabrication mécanique,,,,,
D0X30,Ouvriers peu qualifiés en conduite d'équipement d'usinage,H2908,Q_125,Modelage de matériaux non métalliques,,,,,
D0X31,Ouvriers qualifiés en conduite d'équipement d'usinage,H2908,Q_0346,Modelage de matériaux non métalliques,,,,,
D0X30,Ouvriers peu qualifiés en conduite d'équipement d'usinage,H2910,Q_125,Moulage sable,,,,,
D0X31,Ouvriers qualifiés en conduite d'équipement d'usinage,H2910,Q_0346,Moulage sable,,,,,
E2X40,Ouvriers qualifiés des industries chimiques et plastiques,H3203,Q_0346,Fabrication de pièces en matériaux composites,,,,,
E5X70a,Techniciens des industries de process,H3203,Q_7,Fabrication de pièces en matériaux composites,,,,,
E5X80,Agents de maitrise et assimilés des industries de process,H3203,Q_89,Fabrication de pièces en matériaux composites,,,,,
D1X30b,Ouvriers qualifiés en chaudronnerie et tôlerie,H2902,Q_0346,Chaudronnerie - tôlerie,,,,,
D6X70,Techniciens en mécanique et travail des métaux,H2902,Q_7,Chaudronnerie - tôlerie,,,,,
D6X80,Agents de maîtrise et assimilés en fabrication mécanique,H2902,Q_8,Chaudronnerie - tôlerie,,,,,
H1X90,Ingénieurs et cadres de fabrication et de la production,H2902,Q_9,Chaudronnerie - tôlerie,,,,,
D1X30b,Ouvriers qualifiés en chaudronnerie et tôlerie,H2904,Q_0346,Conduite d'équipement de déformation des métaux,,,,,
D6X70,Techniciens en mécanique et travail des métaux,H2904,Q_7,Conduite d'équipement de déformation des métaux,,,,,
D6X80,Agents de maîtrise et assimilés en fabrication mécanique,H2904,Q_89,Conduite d'équipement de déformation des métaux,,,,,
B6X73,Techniciens et agents de maîtrise de chantiers du BTP,H2911,Q_789,Réalisation de structures métalliques,,,,,
B1X33b,Charpentiers qualifiés,H2911,Q_0346,Réalisation de structures métalliques,,,,,
D1X32,Tuyauteurs,H2914,Q_0346,Réalisation et montage en tuyauterie,,,,,
D6X80,Agents de maîtrise et assimilés en fabrication mécanique,H2914,Q_789,Réalisation et montage en tuyauterie,,,,,
D1X33b,Ouvriers qualifiés en soudage,H2913,Q_0346,Soudage manuel,,,,,
D6X70,Techniciens en mécanique et travail des métaux,H2913,Q_7,Soudage manuel,,,,,
D6X80,Agents de maîtrise et assimilés en fabrication mécanique,H2913,Q_89,Soudage manuel,,,,,
D2X30,"Ouvriers peu qualifiés en ajustement, montage et assemblage mécanique",H2901,Q_125,Ajustement et montage de fabrication,,,,,
D2X30,"Ouvriers peu qualifiés en ajustement, montage et assemblage mécanique",H2909,Q_125,Montage - assemblage mécanique,,,,,
B1X33a,Charpentiers peu qualifiés,H2911,Q_125,Réalisation de structures métalliques,,,,,
D1X33a,Ouvriers peu qualifiés en soudage,H2913,Q_125,Soudage manuel *,,,,,
D2X32,Ouvriers de la peinture et du traitement de surface,H3401,Q_125,Conduite de traitement d'abrasion de surface,,,,,
D2X32,Ouvriers de la peinture et du traitement de surface,H3402,Q_125,Conduite de traitement par dépôt de surface,,,,,
D2X32,Ouvriers de la peinture et du traitement de surface,H3403,Q_125,Conduite de traitement thermique,,,,,
D2X32,Ouvriers de la peinture et du traitement de surface,H3404,Q_125,Peinture industrielle,,,,,
G0B41a,"Ouvriers peu qualifiés en maintenance d'engins de chantier, de levage, manutention et agricoles",I1603,Q_125,"Maintenance d'engins de chantier, de levage, manutention et agricoles",,,,,
G0B41b,Ouvriers peu qualifiés en mécanique automobile,I1604,Q_125,Mécanique automobile,,,,,
G0B40a,Ouvriers peu qualifiés en réparation de carrosserie,I1606,Q_125,Réparation de carrosserie,,,,,
G0B41c,"Ouvriers qualifiés en Réparation de cycles, motocycles et motoculteurs de loisirs",I1607,Q_125,"Réparation de cycles, motocycles et motoculteurs de loisirs **",,,,,
H0X40a,Ouvriers qualifiés du contrôle qualité,H1506,Q_0123456,Intervention technique qualité en mécanique et travail des métaux,,,,,
D2X31,"Ouvriers qualifiés en ajustement, montage et assemblage mécanique",H2901,Q_0346,Ajustement et montage de fabrication,,,,,
D6X70,Techniciens en mécanique et travail des métaux,H2901,Q_7,Ajustement et montage de fabrication,,,,,
D6X80,Agents de maîtrise et assimilés en fabrication mécanique,H2901,Q_8,Ajustement et montage de fabrication,,,,,
H1X90,Ingénieurs et cadres de fabrication et de la production,H2901,Q_9,Ajustement et montage de fabrication,,,,,
D2X31,"Ouvriers qualifiés en ajustement, montage et assemblage mécanique",H2909,Q_0346,Montage - assemblage mécanique,,,,,
D6X70,Techniciens en mécanique et travail des métaux,H2909,Q_7,Montage - assemblage mécanique,,,,,
D6X80,Agents de maîtrise et assimilés en fabrication mécanique,H2909,Q_8,Montage - assemblage mécanique,,,,,
H1X90,Ingénieurs et cadres de fabrication et de la production,H2909,Q_9,Montage - assemblage mécanique,,,,,
D2X32,Ouvriers de la peinture et du traitement de surface,H3401,Q_0346,Conduite de traitement d'abrasion de surface,,,,,
D6X70,Techniciens en mécanique et travail des métaux,H3401,Q_7,Conduite de traitement d'abrasion de surface,,,,,
D6X80,Agents de maîtrise et assimilés en fabrication mécanique,H3401,Q_89,Conduite de traitement d'abrasion de surface,,,,,
D2X32,Ouvriers de la peinture et du traitement de surface,H3402,Q_0346,Conduite de traitement par dépôt de surface,,,,,
D6X70,Techniciens en mécanique et travail des métaux,H3402,Q_7,Conduite de traitement par dépôt de surface,,,,,
D6X80,Agents de maîtrise et assimilés en fabrication mécanique,H3402,Q_89,Conduite de traitement par dépôt de surface,,,,,
D2X32,Ouvriers de la peinture et du traitement de surface,H3403,Q_0346,Conduite de traitement thermique,,,,,
D6X70,Techniciens en mécanique et travail des métaux,H3403,Q_7,Conduite de traitement thermique,,,,,
D6X80,Agents de maîtrise et assimilés en fabrication mécanique,H3403,Q_89,Conduite de traitement thermique,,,,,
D2X32,Ouvriers de la peinture et du traitement de surface,H3404,Q_0346,Peinture industrielle,,,,,
D6X70,Techniciens en mécanique et travail des métaux,H3404,Q_789,Peinture industrielle,,,,,
H0X90,Techniciens du contrôle qualité,H1506,Q_78,Intervention technique qualité en mécanique et travail des métaux,,,,,
H1X93c,Ingénieurs et cadres techniques en management et ingénierie qualité industrielle et BTP,H1506,Q_9,Intervention technique qualité en mécanique et travail des métaux,,,,,
D6X70,Techniciens en mécanique et travail des métaux,H2908,Q_7,Modelage de matériaux non métalliques,,,,,
D6X80,Agents de maîtrise et assimilés en fabrication mécanique,H2908,Q_89,Modelage de matériaux non métalliques,,,,,
D6X70,Techniciens en mécanique et travail des métaux,H2910,Q_789,Moulage sable,,,,,
D6X70,Techniciens en mécanique et travail des métaux,H2912,Q_7,Réglage d'équipement de production industrielle,,,,,
H0X91,Techniciens du dessin industriel,H1203,Q_012345678,Conception et dessin produits mécaniques,,,,,
H1X90,Ingénieurs et cadres de fabrication et de la production,H1203,Q_9,Conception et dessin produits mécaniques,,,,,
D2X31,"Ouvriers qualifiés en ajustement, montage et assemblage mécanique",H2503,Q_0123456,Pilotage d'unité élémentaire de production mécanique,,,,,
D6X80,Agents de maîtrise et assimilés en fabrication mécanique,H2503,Q_78,Pilotage d'unité élémentaire de production mécanique,,,,,
H1X90,Ingénieurs et cadres de fabrication et de la production,H2503,Q_9,Pilotage d'unité élémentaire de production mécanique,,,,,
D6X80,Agents de maîtrise et assimilés en fabrication mécanique,H2912,Q_89,Réglage d'équipement de production industrielle,,,,,
E2X20,Ouvriers peu qualifiés des industries chimiques et plastiques,H2301,Q_125,Conduite d'équipement de production chimique ou pharmaceutique,,,,,
E2X20,Ouvriers peu qualifiés des industries chimiques et plastiques,H3201,Q_125,Conduite d'équipement de formage des plastiques et caoutchoucs,,,,,
E3X20,Ouviers peu qualifiés des industries agro-alimentaires,A1412,Q_125,Fabrication et affinage de fromages,,,,,
E3X20,Ouviers peu qualifiés des industries agro-alimentaires,A1413,Q_125,Fermentation de boissons alcoolisées,,,,,
E3X20,Ouviers peu qualifiés des industries agro-alimentaires,H2101,Q_125,Abattage et découpe des viandes,,,,,
E3X20,Ouviers peu qualifiés des industries agro-alimentaires,H2102,Q_125,Conduite d'équipement de production alimentaire,,,,,
E1X30a,"Ouvriers peu qualifiés de l'industrie verrière, céramique et matériaux de construction",F1706,Q_125,Préfabrication en béton industriel,,,,,
E1X30a,"Ouvriers peu qualifiés de l'industrie verrière, céramique et matériaux de construction",H2801,Q_125,Conduite d'équipement de transformation du verre,,,,,
E1X30a,"Ouvriers peu qualifiés de l'industrie verrière, céramique et matériaux de construction",H2803,Q_125,Façonnage et émaillage en industrie céramique,,,,,
E1X21,Ouvriers peu qualifiés de conduite d'installation de production de métaux,H2907,Q_125,Conduite d'installation de production des métaux,,,,,
E4X30,"Ouvriers en conduite d’équipement de fabrication de pâte à papier, de papier et de carton et de panneaux de bois",H2203,Q_125,Conduite d'installation de production de panneaux bois,,,,,
E4X30,"Ouvriers en conduite d’équipement de fabrication de pâte à papier, de papier et de carton et de panneaux de bois",H3101,Q_125,Conduite d'équipement de fabrication de papier ou de carton,,,,,
E4X30,"Ouvriers en conduite d’équipement de fabrication de pâte à papier, de papier et de carton et de panneaux de bois",H3102,Q_125,Conduite d'installation de pâte à papier,,,,,
E4X32a,"Ouvriers peu qualifiés du conditionnement, du tri et de l'emballage",H3301,Q_125,Conduite d'équipement de conditionnement,,,,,
E4X32a,"Ouvriers peu qualifiés du conditionnement, du tri et de l'emballage",H3302,Q_125,"Opérations manuelles d'assemblage, tri ou emballage",,,,,
E4X32b,"Ouvriers qualifiés du conditionnement, du tri et de l'emballage",H3302,Q_0346,"Opérations manuelles d'assemblage, tri ou emballage",,,,,
E5X70a,Techniciens des industries de process,H3302,Q_7,"Opérations manuelles d'assemblage, tri ou emballage",,,,,
E4X32a,"Ouvriers peu qualifiés du conditionnement, du tri et de l'emballage",H3302,Q_89,"Opérations manuelles d'assemblage, tri ou emballage",,,,,
E4X32a,"Ouvriers peu qualifiés du conditionnement, du tri et de l'emballage",H3303,Q_125,"Préparation de matières et produits industriels (broyage, mélange, …)",,,,,
E0X30,Pilotes d'installation lourdes des industries de transformation et d'énergie,H2701,Q_0123456,Pilotage d'installation énergétique et pétrochimique,,,,,
E5X70a,Techniciens des industries de process,H2701,Q_7,Pilotage d'installation énergétique et pétrochimique,,,,,
E5X80,Agents de maitrise et assimilés des industries de process,H2701,Q_8,Pilotage d'installation énergétique et pétrochimique,,,,,
H1X90,Ingénieurs et cadres de fabrication et de la production,H2701,Q_9,Pilotage d'installation énergétique et pétrochimique,,,,,
E0X30,Pilotes d'installation lourdes des industries de transformation et d'énergie,H2804,Q_0123456,"Pilotage de centrale à béton prêt à l'emploi, ciment, enrobés et granulats",,,,,
E5X70a,Techniciens des industries de process,H2804,Q_7,"Pilotage de centrale à béton prêt à l'emploi, ciment, enrobés et granulats",,,,,
E5X80,Agents de maitrise et assimilés des industries de process,H2804,Q_8,"Pilotage de centrale à béton prêt à l'emploi, ciment, enrobés et granulats",,,,,
H1X90,Ingénieurs et cadres de fabrication et de la production,H2804,Q_9,"Pilotage de centrale à béton prêt à l'emploi, ciment, enrobés et granulats",,,,,
E0X30,Pilotes d'installation lourdes des industries de transformation et d'énergie,H2805,Q_0123456,Pilotage d'installation de production verrière,,,,,
E5X70a,Techniciens des industries de process,H2805,Q_7,Pilotage d'installation de production verrière,,,,,
E5X80,Agents de maitrise et assimilés des industries de process,H2805,Q_89,Pilotage d'installation de production verrière,,,,,
E2X40,Ouvriers qualifiés des industries chimiques et plastiques,H2301,Q_0346,Conduite d'équipement de production chimique ou pharmaceutique,,,,,
E5X70a,Techniciens des industries de process,H2301,Q_7,Conduite d'équipement de production chimique ou pharmaceutique,,,,,
E5X80,Agents de maitrise et assimilés des industries de process,H2301,Q_89,Conduite d'équipement de production chimique ou pharmaceutique,,,,,
E2X40,Ouvriers qualifiés des industries chimiques et plastiques,H3201,Q_0346,Conduite d'équipement de formage des plastiques et caoutchoucs,,,,,
E5X70a,Techniciens des industries de process,H3201,Q_7,Conduite d'équipement de formage des plastiques et caoutchoucs,,,,,
E5X80,Agents de maitrise et assimilés des industries de process,H3201,Q_89,Conduite d'équipement de formage des plastiques et caoutchoucs,,,,,
E2X40,Ouvriers qualifiés des industries chimiques et plastiques,H3202,Q_0123456,Réglage d'équipement de formage des plastiques et caoutchoucs,,,,,
E3X40,Ouviers qualifiés des industries agro-alimentaires,A1412,Q_0346,Fabrication et affinage de fromages,,,,,
E5X70a,Techniciens des industries de process,A1412,Q_7,Fabrication et affinage de fromages,,,,,
E5X80,Agents de maitrise et assimilés des industries de process,A1412,Q_89,Fabrication et affinage de fromages,,,,,
E3X40,Ouviers qualifiés des industries agro-alimentaires,A1413,Q_0346,Fermentation de boissons alcoolisées,,,,,
E5X70a,Techniciens des industries de process,A1413,Q_7,Fermentation de boissons alcoolisées,,,,,
E5X80,Agents de maitrise et assimilés des industries de process,A1413,Q_8,Fermentation de boissons alcoolisées,,,,,
A2X90,"Ingénieurs, cadres techniques de l'agriculture",A1413,Q_9,Fermentation de boissons alcoolisées,,,,,
E3X40,Ouviers qualifiés des industries agro-alimentaires,H2102,Q_0346,Conduite d'équipement de production alimentaire,,,,,
E5X70a,Techniciens des industries de process,H2102,Q_7,Conduite d'équipement de production alimentaire,,,,,
E5X80,Agents de maitrise et assimilés des industries de process,H2102,Q_89,Conduite d'équipement de production alimentaire,,,,,
E1X30a,"Ouvriers peu qualifiés de l'industrie verrière, céramique et matériaux de construction",B1201,Q_125,Réalisation d'objets décoratifs et utilitaires en céramique et matériaux de synthèse,,,,,
E1X30b,"Ouvriers qualifiés de l'industrie verrière, céramique et matériaux de construction",B1201,Q_0346789,Réalisation d'objets décoratifs et utilitaires en céramique et matériaux de synthèse,,,,,
E1X30a,"Ouvriers peu qualifiés de l'industrie verrière, céramique et matériaux de construction",B1602,Q_125,Réalisation d'objets artistiques et fonctionnels en verre,,,,,
E1X30b,"Ouvriers qualifiés de l'industrie verrière, céramique et matériaux de construction",B1602,Q_0346789,Réalisation d'objets artistiques et fonctionnels en verre,,,,,
E1X30b,"Ouvriers qualifiés de l'industrie verrière, céramique et matériaux de construction",F1706,Q_0346789,Préfabrication en béton industriel,,,,,
E1X30b,"Ouvriers qualifiés de l'industrie verrière, céramique et matériaux de construction",H2801,Q_0346,Conduite d'équipement de transformation du verre,,,,,
E5X70a,Techniciens des industries de process,H2801,Q_7,Conduite d'équipement de transformation du verre,,,,,
E5X80,Agents de maitrise et assimilés des industries de process,H2801,Q_89,Conduite d'équipement de transformation du verre,,,,,
E1X30a,"Ouvriers peu qualifiés de l'industrie verrière, céramique et matériaux de construction",H2802,Q_125,Conduite d'installation de production de matériaux de construction,,,,,
E1X30b,"Ouvriers qualifiés de l'industrie verrière, céramique et matériaux de construction",H2802,Q_0346,Conduite d'installation de production de matériaux de construction,,,,,
E5X70a,Techniciens des industries de process,H2802,Q_7,Conduite d'installation de production de matériaux de construction,,,,,
E5X80,Agents de maitrise et assimilés des industries de process,H2802,Q_89,Conduite d'installation de production de matériaux de construction,,,,,
E1X30b,"Ouvriers qualifiés de l'industrie verrière, céramique et matériaux de construction",H2803,Q_0346,Façonnage et émaillage en industrie céramique,,,,,
E5X70a,Techniciens des industries de process,H2803,Q_7,Façonnage et émaillage en industrie céramique,,,,,
E5X80,Agents de maitrise et assimilés des industries de process,H2803,Q_89,Façonnage et émaillage en industrie céramique,,,,,
E1X41,Ouvriers qualifiés de conduite d'installation de production de métaux,H2907,Q_0346,Conduite d'installation de production des métaux,,,,,
E5X70a,Techniciens des industries de process,H2907,Q_7,Conduite d'installation de production des métaux,,,,,
E5X80,Agents de maitrise et assimilés des industries de process,H2907,Q_8,Conduite d'installation de production des métaux,,,,,
H1X90,Ingénieurs et cadres de fabrication et de la production,H2907,Q_9,Conduite d'installation de production des métaux,,,,,
E4X30,"Ouvriers en conduite d’équipement de fabrication de pâte à papier, de papier et de carton et de panneaux de bois",H2203,Q_0346789,Conduite d'installation de production de panneaux bois,,,,,
E4X30,"Ouvriers en conduite d’équipement de fabrication de pâte à papier, de papier et de carton et de panneaux de bois",H3101,Q_0346,Conduite d'équipement de fabrication de papier ou de carton,,,,,
E5X70a,Techniciens des industries de process,H3101,Q_7,Conduite d'équipement de fabrication de papier ou de carton,,,,,
E5X80,Agents de maitrise et assimilés des industries de process,H3101,Q_89,Conduite d'équipement de fabrication de papier ou de carton,,,,,
E4X30,"Ouvriers en conduite d’équipement de fabrication de pâte à papier, de papier et de carton et de panneaux de bois",H3102,Q_0346789,Conduite d'installation de pâte à papier,,,,,
E2X20,Ouvriers peu qualifiés des industries chimiques et plastiques,H1201,Q_125,Expertise technique couleur en industrie,,,,,
E2X40,Ouvriers qualifiés des industries chimiques et plastiques,H1201,Q_0346,Expertise technique couleur en industrie,,,,,
E5X70c,Techniciens intervention technique en laboratoire d'analyse industrielle et en formulation et analyse sensorielle,H1201,Q_789,Expertise technique couleur en industrie,,,,,
H0X40b,Agents qualifiés de laboratoire,H1503,Q_123456,Intervention technique en laboratoire d'analyse industrielle,,,,,
E4X32b,"Ouvriers qualifiés du conditionnement, du tri et de l'emballage",H3301,Q_0346,Conduite d'équipement de conditionnement,,,,,
E5X70a,Techniciens des industries de process,H3301,Q_7,Conduite d'équipement de conditionnement,,,,,
E5X80,Agents de maitrise et assimilés des industries de process,H3301,Q_8,Conduite d'équipement de conditionnement,,,,,
H1X90,Ingénieurs et cadres de fabrication et de la production,H3301,Q_9,Conduite d'équipement de conditionnement,,,,,
E4X32b,"Ouvriers qualifiés du conditionnement, du tri et de l'emballage",H3303,Q_0346,"Préparation de matières et produits industriels (broyage, mélange, …)",,,,,
E5X70a,Techniciens des industries de process,H3303,Q_7,"Préparation de matières et produits industriels (broyage, mélange, …)",,,,,
E5X80,Agents de maitrise et assimilés des industries de process,H3303,Q_8,"Préparation de matières et produits industriels (broyage, mélange, …)",,,,,
H1X90,Ingénieurs et cadres de fabrication et de la production,H3303,Q_9,"Préparation de matières et produits industriels (broyage, mélange, …)",,,,,
N0X70,"Techniciens d'étude, recherche et développement",H1210,,"Intervention technique en études, recherche et développement",,,,,
H0X92,"Techniciens et agents de maîtrise de la logistique, du planning, de l'ordonnancement et méthodes en industrialisation",H1404,,Intervention technique en méthodes et industrialisation,,,,,
E5X70c,Techniciens intervention technique en laboratoire d'analyse industrielle et en formulation et analyse sensorielle,H1503,Q_0789,Intervention technique en laboratoire d'analyse industrielle,,,,,
E5X70c,Techniciens intervention technique en laboratoire d'analyse industrielle et en formulation et analyse sensorielle,H1505,Q_012345678,Intervention technique en formulation et analyse sensorielle,,,,,
E5X70a,Techniciens des industries de process,H3202,Q_789,Réglage d'équipement de formage des plastiques et caoutchoucs,,,,,
E5X80,Agents de maitrise et assimilés des industries de process,H2504,Q_78,Encadrement d'équipe en industrie de transformation,,,,,
H1X90,Ingénieurs et cadres de fabrication et de la production,H2504,Q_9,Encadrement d'équipe en industrie de transformation,,,,,
E0X30,Pilotes d'installation lourdes des industries de transformation et d'énergie,H2504,Q_0123456,Encadrement d'équipe en industrie de transformation,,,,,
F0X30,"Ouvriers, techniciens et agents de maîtrise en traitement du cuir",B1801,Q_125,Réalisation d'articles de chapellerie,,,,,
F0X30,"Ouvriers, techniciens et agents de maîtrise en traitement du cuir",B1802,Q_125,Réalisation d'articles en cuir et matériaux souples (hors vêtement),,,,,
F0X33,"Ouvriers, techniciens et agents de maîtrise de l'habillement",B1803,Q_125,Réalisation de vêtements sur mesure ou en petite série,,,,,
F0X30,"Ouvriers, techniciens et agents de maîtrise en traitement du cuir",D1206,Q_125,Réparation d'articles en cuir et matériaux souples,,,,,
F0X33,"Ouvriers, techniciens et agents de maîtrise de l'habillement",D1207,Q_125,Retouches en habillement,,,,,
F0X30,"Ouvriers, techniciens et agents de maîtrise en traitement du cuir",H2401,Q_125,"Assemblage – montage d'articles en cuirs, peaux",,,,,
F0X33,"Ouvriers, techniciens et agents de maîtrise de l'habillement",H2402,Q_125,Assemblage – montage de vêtements et produits textiles,,,,,
F0X32,"Ouvriers, techniciens et agents de maîtrise du textile",H2403,Q_125,Conduite de machine de fabrication de produits textiles,,,,,
F0X32,"Ouvriers, techniciens et agents de maîtrise du textile",H2404,Q_125,Conduite de machine de production et transformation des fils,,,,,
F0X32,"Ouvriers, techniciens et agents de maîtrise du textile",H2405,Q_125,Conduite de machine de textiles nontissés,,,,,
F0X32,"Ouvriers, techniciens et agents de maîtrise du textile",H2406,Q_125,Conduite de machine de traitement textile,,,,,
F0X30,"Ouvriers, techniciens et agents de maîtrise en traitement du cuir",H2407,Q_125,Conduite de machine de transformation et de finition des cuirs et peaux,,,,,
F0X32,"Ouvriers, techniciens et agents de maîtrise du textile",H2408,Q_125,Conduite de machine d'impression textile,,,,,
F0X30,"Ouvriers, techniciens et agents de maîtrise en traitement du cuir",H2409,Q_125,"Coupe cuir, textile et matériaux souples",,,,,
F0X32,"Ouvriers, techniciens et agents de maîtrise du textile",H2410,Q_125,"Mise en forme, repassage et finitions en industrie textile",,,,,
F0X30,"Ouvriers, techniciens et agents de maîtrise en traitement du cuir",H2411,Q_125,Montage de prototype cuir et matériaux souples,,,,,
F0X32,"Ouvriers, techniciens et agents de maîtrise du textile",H2413,Q_125,"Préparation de fils, montage de métiers textiles",,,,,
F0X30,"Ouvriers, techniciens et agents de maîtrise en traitement du cuir",H2414,Q_125,Préparation et finition d'articles en cuir et matériaux souples,,,,,
F0X30,"Ouvriers, techniciens et agents de maîtrise en traitement du cuir",H2415,Q_125,Contrôle en industrie du cuir et du textile,,,,,
K0X32,Artisans et ouvriers de blanchisserie,K2201,Q_125,Blanchisserie industrielle,,,,,
F0X30,"Ouvriers, techniciens et agents de maîtrise en traitement du cuir",H2401,Q_0346,"Assemblage – montage d'articles en cuirs, peaux",,,,,
F0X30,"Ouvriers, techniciens et agents de maîtrise en traitement du cuir",H2401,Q_789,"Assemblage – montage d'articles en cuirs, peaux",,,,,
F0X33,"Ouvriers, techniciens et agents de maîtrise de l'habillement",H2402,Q_0346,Assemblage – montage de vêtements et produits textiles,,,,,
F0X33,"Ouvriers, techniciens et agents de maîtrise de l'habillement",H2402,Q_789,Assemblage – montage de vêtements et produits textiles,,,,,
F0X32,"Ouvriers, techniciens et agents de maîtrise du textile",H2403,Q_0346,Conduite de machine de fabrication de produits textiles,,,,,
F0X32,"Ouvriers, techniciens et agents de maîtrise du textile",H2403,Q_789,Conduite de machine de fabrication de produits textiles,,,,,
F0X32,"Ouvriers, techniciens et agents de maîtrise du textile",H2404,Q_0346789,Conduite de machine de production et transformation des fils,,,,,
F0X32,"Ouvriers, techniciens et agents de maîtrise du textile",H2405,Q_0346789,Conduite de machine de textiles nontissés,,,,,
F0X32,"Ouvriers, techniciens et agents de maîtrise du textile",H2406,Q_0346789,Conduite de machine de traitement textile,,,,,
F0X30,"Ouvriers, techniciens et agents de maîtrise en traitement du cuir",H2407,Q_0346789,Conduite de machine de transformation et de finition des cuirs et peaux,,,,,
F0X32,"Ouvriers, techniciens et agents de maîtrise du textile",H2408,Q_0346789,Conduite de machine d'impression textile,,,,,
F0X30,"Ouvriers, techniciens et agents de maîtrise en traitement du cuir",H2409,Q_0346789,"Coupe cuir, textile et matériaux souples",,,,,
F0X32,"Ouvriers, techniciens et agents de maîtrise du textile",H2410,Q_0346789,"Mise en forme, repassage et finitions en industrie textile",,,,,
F0X30,"Ouvriers, techniciens et agents de maîtrise en traitement du cuir",H2411,Q_0346789,Montage de prototype cuir et matériaux souples,,,,,
F0X33,"Ouvriers, techniciens et agents de maîtrise de l'habillement",H2412,Q_0123456,Patronnage - gradation,,,,,
F0X32,"Ouvriers, techniciens et agents de maîtrise du textile",H2413,Q_0346789,"Préparation de fils, montage de métiers textiles",,,,,
F0X30,"Ouvriers, techniciens et agents de maîtrise en traitement du cuir",H2414,Q_0346789,Préparation et finition d'articles en cuir et matériaux souples,,,,,
F0X30,"Ouvriers, techniciens et agents de maîtrise en traitement du cuir",H2415,Q_0346789,Contrôle en industrie du cuir et du textile,,,,,
K0X32,Artisans et ouvriers de blanchisserie,K2201,Q_0346789,Blanchisserie industrielle,,,,,
F0X30,"Ouvriers, techniciens et agents de maîtrise en traitement du cuir",B1801,Q_0346789,Réalisation d'articles de chapellerie,,,,,
F0X30,"Ouvriers, techniciens et agents de maîtrise en traitement du cuir",B1802,Q_0346789,Réalisation d'articles en cuir et matériaux souples (hors vêtement),,,,,
F0X33,"Ouvriers, techniciens et agents de maîtrise de l'habillement",B1803,Q_0346789,Réalisation de vêtements sur mesure ou en petite série,,,,,
F0X33,"Ouvriers, techniciens et agents de maîtrise de l'habillement",B1804,,Réalisation d'ouvrages d'art en fils *,,,,,
F0X30,"Ouvriers, techniciens et agents de maîtrise en traitement du cuir",D1206,Q_0346789,Réparation d'articles en cuir et matériaux souples,,,,,
F0X33,"Ouvriers, techniciens et agents de maîtrise de l'habillement",D1207,Q_0346789,Retouches en habillement,,,,,
F1X30,Ouvriers de la réalisation d'ouvrages décoratifs et meubles en bois,B1806,Q_125,Tapisserie - décoration en ameublement,,,,,
F1X31a,"Ouvriers peu qualifiés de la scierie, de l'assemblage et de la fabrication d'ouvrages en bois",H2201,Q_0125,Assemblage d'ouvrages en bois,,,,,
F1X31a,"Ouvriers peu qualifiés de la scierie, de l'assemblage et de la fabrication d'ouvrages en bois",H2202,Q_0125,Conduite d'équipement de fabrication de l'ameublement et du bois,,,,,
F1X31a,"Ouvriers peu qualifiés de la scierie, de l'assemblage et de la fabrication d'ouvrages en bois",H2205,Q_0125,Première transformation de bois d'œuvre,,,,,
F1X30,Ouvriers de la réalisation d'ouvrages décoratifs et meubles en bois,H2207,Q_125,Réalisation de meubles en bois,,,,,
F1X30,Ouvriers de la réalisation d'ouvrages décoratifs et meubles en bois,H2208,Q_125,Réalisation d'ouvrages décoratifs en bois,,,,,
F1X30,Ouvriers de la réalisation d'ouvrages décoratifs et meubles en bois,B1806,Q_0346789,Tapisserie - décoration en ameublement,,,,,
F1X30,Ouvriers de la réalisation d'ouvrages décoratifs et meubles en bois,H2207,Q_0346789,Réalisation de meubles en bois,,,,,
F1X30,Ouvriers de la réalisation d'ouvrages décoratifs et meubles en bois,H2208,Q_0346789,Réalisation d'ouvrages décoratifs en bois,,,,,
F1X31b,"Ouvriers qualifiés et techniciens de la scierie, de l'assemblage et de la fabrication d'ouvrages en bois",H2201,Q_346789,Assemblage d'ouvrages en bois,,,,,
F1X31b,"Ouvriers qualifiés et techniciens de la scierie, de l'assemblage et de la fabrication d'ouvrages en bois",H2202,Q_346789,Conduite d'équipement de fabrication de l'ameublement et du bois,,,,,
F1X31b,"Ouvriers qualifiés et techniciens de la scierie, de l'assemblage et de la fabrication d'ouvrages en bois",H2205,Q_346789,Première transformation de bois d'œuvre,,,,,
F2X30a,Ouvriers de l'imprimerie,E1202,Q_125,Production en laboratoire cinématographique,,,,,
F2X30a,Ouvriers de l'imprimerie,E1203,Q_125,Production en laboratoire photographique,,,,,
F2X30a,Ouvriers de l'imprimerie,E1301,Q_125,Conduite de machines d'impression,,,,,
F2X30a,Ouvriers de l'imprimerie,E1302,Q_125,Conduite de machines de façonnage routage,,,,,
F2X30a,Ouvriers de l'imprimerie,E1304,Q_125,Façonnage et routage,,,,,
F2X30a,Ouvriers de l'imprimerie,E1306,Q_125,Prépresse,,,,,
F2X30a,Ouvriers de l'imprimerie,E1307,Q_125,Reprographie,,,,,
F2X30a,Ouvriers de l'imprimerie,E1202,Q_0346,Production en laboratoire cinématographique,,,,,
F2X30b,Techniciens et agents de maîtrise de l'imprimerie,E1202,Q_789,Production en laboratoire cinématographique,,,,,
F2X30a,Ouvriers de l'imprimerie,E1203,Q_0346,Production en laboratoire photographique,,,,,
F2X30b,Techniciens et agents de maîtrise de l'imprimerie,E1203,Q_789,Production en laboratoire photographique,,,,,
F2X30a,Ouvriers de l'imprimerie,E1301,Q_0346,Conduite de machines d'impression,,,,,
F2X30b,Techniciens et agents de maîtrise de l'imprimerie,E1301,Q_78,Conduite de machines d'impression,,,,,
H1X90,Ingénieurs et cadres de fabrication et de la production,E1301,Q_9,Conduite de machines d'impression,,,,,
F2X30a,Ouvriers de l'imprimerie,E1302,Q_0346,Conduite de machines de façonnage routage,,,,,
F2X30b,Techniciens et agents de maîtrise de l'imprimerie,E1302,Q_789,Conduite de machines de façonnage routage,,,,,
F2X30a,Ouvriers de l'imprimerie,E1304,Q_0346,Façonnage et routage,,,,,
F2X30b,Techniciens et agents de maîtrise de l'imprimerie,E1304,Q_78,Façonnage et routage,,,,,
H1X90,Ingénieurs et cadres de fabrication et de la production,E1304,Q_9,Façonnage et routage,,,,,
F2X30a,Ouvriers de l'imprimerie,E1306,Q_0346,Prépresse,,,,,
F2X30b,Techniciens et agents de maîtrise de l'imprimerie,E1306,Q_789,Prépresse,,,,,
F2X30a,Ouvriers de l'imprimerie,E1307,Q_0346,Reprographie,,,,,
F2X30b,Techniciens et agents de maîtrise de l'imprimerie,E1307,Q_78,Reprographie,,,,,
H1X90,Ingénieurs et cadres de fabrication et de la production,E1307,Q_9,Reprographie,,,,,
F2X30b,Techniciens et agents de maîtrise de l'imprimerie,E1303,Q_012345678,Encadrement des industries graphiques,,,,,
H1X90,Ingénieurs et cadres de fabrication et de la production,E1303,Q_9,Encadrement des industries graphiques,,,,,
F2X30b,Techniciens et agents de maîtrise de l'imprimerie,E1305,Q_789,Préparation et correction en édition et presse,,,,,
F2X30a,Ouvriers de l'imprimerie,E1305,Q_0123456,Préparation et correction en édition et presse,,,,,
F2X30b,Techniciens et agents de maîtrise de l'imprimerie,E1308,,Intervention technique en industries graphiques,,,,,
F0X33,"Ouvriers, techniciens et agents de maîtrise de l'habillement",H1205,,Études – modèles en industrie des matériaux souples,,,,,
F1X31b,"Ouvriers qualifiés et techniciens de la scierie, de l'assemblage et de la fabrication d'ouvrages en bois",H2204,Q_012345678,Encadrement des industries de l'ameublement et du bois,,,,,
H1X90,Ingénieurs et cadres de fabrication et de la production,H2204,Q_9,Encadrement des industries de l'ameublement et du bois,,,,,
F1X31b,"Ouvriers qualifiés et techniciens de la scierie, de l'assemblage et de la fabrication d'ouvrages en bois",H2209,,Intervention technique en ameublement et bois,,,,,
F0X33,"Ouvriers, techniciens et agents de maîtrise de l'habillement",H2412,Q_789,Patronnage - gradation,,,,,
F0X32,"Ouvriers, techniciens et agents de maîtrise du textile",H2505,Q_78,Encadrement d'équipe ou d'atelier en matériaux souples,,,,,
H1X90,Ingénieurs et cadres de fabrication et de la production,H2505,Q_9,Encadrement d'équipe ou d'atelier en matériaux souples,,,,,
F0X32,"Ouvriers, techniciens et agents de maîtrise du textile",H2505,Q_0123456,Encadrement d'équipe ou d'atelier en matériaux souples,,,,,
G0A40a,Ouvriers en réparation - montage en systèmes horlogers,B1604,Q_0123456,Réparation - montage en systèmes horlogers,,,,,
G0A40b,Ouvriers en maintenance générale et mécanique industrielle,I1310,Q_0123456,Maintenance mécanique industrielle,,,,,
G0A40c,"Ouvriers en installation maintenance en nautisme, mécanique de marine et aéronefs",I1601,Q_0123456,Installation et maintenance en nautisme,,,,,
G0A40c,"Ouvriers en installation maintenance en nautisme, mécanique de marine et aéronefs",I1602,Q_0123456,Maintenance d'aéronefs,,,,,
G0A40c,"Ouvriers en installation maintenance en nautisme, mécanique de marine et aéronefs",I1605,Q_0123456,Mécanique de marine,,,,,
G0A41,Ouvriers de la maintenance en électricité et en électronique,I1303,,Installation et maintenance de distributeurs automatiques,,,,,
G0A41,Ouvriers de la maintenance en électricité et en électronique,I1309,Q_0123456,Maintenance électrique,,,,,
G1X76,Mainteniciens en biens électrodomestiques,I1402,Q_0123456,Réparation de biens électrodomestiques,,,,,
G1X76,Mainteniciens en biens électrodomestiques,I1402,Q_789,Réparation de biens électrodomestiques,,,,,
G0A43,Ouvriers polyvalents d'entretien du bâtiment,I1203,Q_0123456,Maintenance de bâtiments et des locaux,,,,,
G0B40b,Ouvriers qualifiés en réparation de carrosserie,I1606,Q_0346789,Réparation de carrosserie,,,,,
G0B41d,"Ouvriers qualifiés en Maintenance d'engins de chantier, de levage, manutention et agricoles",I1603,Q_0346,"Maintenance d'engins de chantier, de levage, manutention et agricoles",,,,,
G0B41e,Ouvriers qualifiés en Mécanique automobile,I1604,Q_0346,Mécanique automobile,,,,,
G0B41c,"Ouvriers qualifiés en Réparation de cycles, motocycles et motoculteurs de loisirs",I1607,Q_0346,"Réparation de cycles, motocycles et motoculteurs de loisirs",,,,,
G1X70,Techniciens et agents de maîtrise en intervention technique en Hygiène Sécurité Environnement -HSE industriel et protection du patrimoine naturel,A1204,Q_078,Protection du patrimoine naturel,,,,,
G1X72a,Techniciens et agents de maîtrise en maintenance mécanique et entretien d'équipements industriels,B1604,Q_789,Réparation - montage en systèmes horlogers,,,,,
G1X75,Techniciens et agents de maîtrise en assistance et support technique client et en installation et maintenance télécoms et courants faibles,H1101,Q_012345678,Assistance et support technique client,,,,,
G1X77c,"Techniciens et agents de maîtrise en études, conception et maintenance d'automatismes",H1208,Q_012345678,Intervention technique en études et conception en automatisme,,,,,
N1X90,"Ingénieurs et cadres d'étude, recherche et développement (industrie)",H1208,Q_9,Intervention technique en études et conception en automatisme,,,,,
G1X70,Techniciens et agents de maîtrise en intervention technique en Hygiène Sécurité Environnement -HSE industriel et protection du patrimoine naturel,H1303,Q_012345678,Intervention technique en Hygiène Sécurité Environnement -HSE- industriel,,,,,
H1X91,Ingénieurs et cadres techniques en Hygiène Sécurité Environnement -HSE- industriels et exploitation éco-industriel,H1303,Q_9,Intervention technique en Hygiène Sécurité Environnement -HSE- industriel,,,,,
G1X77c,"Techniciens et agents de maîtrise en études, conception et maintenance d'automatismes",I1301,,Installation et maintenance d'ascenseurs,,,,,
G0A41,Ouvriers de la maintenance en électricité et en électronique,I1302,Q_0123456,Installation et maintenance d'automatismes,,,,,
G1X77c,"Techniciens et agents de maîtrise en études, conception et maintenance d'automatismes",I1302,Q_78,Installation et maintenance d'automatismes,,,,,
H1X92,Ingénieurs en maintenance et support technique client,I1302,Q_9,Installation et maintenance d'automatismes,,,,,
G1X72a,Techniciens et agents de maîtrise en maintenance mécanique et entretien d'équipements industriels,I1304,Q_78,Installation et maintenance d'équipements industriels et d'exploitation,,,,,
H1X92,Ingénieurs en maintenance et support technique client,I1304,Q_9,Installation et maintenance d'équipements industriels et d'exploitation,,,,,
G0A40b,Ouvriers en maintenance générale et mécanique industrielle,I1304,Q_0123456,Installation et maintenance d'équipements industriels et d'exploitation,,,,,
G1X77b,Techniciens et agents de maîtrise en Installation et maintenance électronique,I1305,Q_789,Installation et maintenance électronique,,,,,
G0A41,Ouvriers de la maintenance en électricité et en électronique,I1305,Q_0123456,Installation et maintenance électronique,,,,,
G1X74,Techniciens et agents de maîtrise en installation et maintenance en froid et conditionnement d'air,I1306,,"Installation et maintenance en froid, conditionnement d'air",,,,,
G1X75,Techniciens et agents de maîtrise en assistance et support technique client et en installation et maintenance télécoms et courants faibles,I1307,Q_012345678,Installation et maintenance télécoms et courants faibles,,,,,
M2X92b,"Responsables et cadres de maintenance, support et service aux utilisateurs en informatique et télécom",I1307,Q_9,Installation et maintenance télécoms et courants faibles,,,,,
B2X33a,"Plombiers, chauffagistes peu qualifiés",I1308,,Maintenance d'installation de chauffage,,,,,
G1X77a,Techniciens et agents de maîtrise en maintenance électrique,I1309,Q_789,Maintenance électrique,,,,,
G1X72a,Techniciens et agents de maîtrise en maintenance mécanique et entretien d'équipements industriels,I1310,Q_78,Maintenance mécanique industrielle,,,,,
H1X92,Ingénieurs en maintenance et support technique client,I1310,Q_9,Maintenance mécanique industrielle,,,,,
G1X72a,Techniciens et agents de maîtrise en maintenance mécanique et entretien d'équipements industriels,I1503,Q_789,Intervention en milieux et produits nocifs,,,,,
G1X72b,"Techniciens et agents de maîtrise en maintenance en nautisme, mécanique de marine et aéronefs",I1601,Q_789,Installation et maintenance en nautisme,,,,,
G1X72b,"Techniciens et agents de maîtrise en maintenance en nautisme, mécanique de marine et aéronefs",I1602,Q_789,Maintenance d'aéronefs,,,,,
G1X71c,"Techniciens et agents de maîtrise en Maintenance d'engins de chantier, de levage, manutention et agricoles",I1603,Q_789,"Maintenance d'engins de chantier, de levage, manutention et agricoles",,,,,
G1X71a,"Techniciens et agents de maîtrise en mécanique automobile, réparation de cycles, motocycles et motoculteurs de loisirs",I1604,Q_789,Mécanique automobile,,,,,
G1X72b,"Techniciens et agents de maîtrise en maintenance en nautisme, mécanique de marine et aéronefs",I1605,Q_789,Mécanique de marine,,,,,
G1X71a,"Techniciens et agents de maîtrise en mécanique automobile, réparation de cycles, motocycles et motoculteurs de loisirs",I1607,Q_789,"Réparation de cycles, motocycles et motoculteurs de loisirs",,,,,
G1X78,Techniciens et agents de maîtrise en distribution et assainissement d'eau et gestion des déchets,K2301,Q_789,Distribution et assainissement d'eau,,,,,
H0X90,Techniciens du contrôle qualité,H1301,Q_012345678,Inspection de conformité,,,,,
G0B41b,Ouvriers peu qualifiés en mécanique automobile,I1103,Q_125,Supervision d'entretien et gestion de véhicules,,,,,
G0B41e,Ouvriers qualifiés en Mécanique automobile,I1103,Q_0346,Supervision d'entretien et gestion de véhicules,,,,,
G1X71a,"Techniciens et agents de maîtrise en mécanique automobile, réparation de cycles, motocycles et motoculteurs de loisirs",I1103,Q_78,Supervision d'entretien et gestion de véhicules,,,,,
H1X92,Ingénieurs en maintenance et support technique client,I1103,Q_9,Supervision d'entretien et gestion de véhicules,,,,,
T4X62b,Agents d'entretien industriel,K2306,Q_0123456,Supervision d'exploitation éco industrielle,,,,,
G0A43,Ouvriers polyvalents d'entretien du bâtiment,I1203,Q_789,Maintenance de bâtiments et des locaux,,,,,
H1X90,Ingénieurs et cadres de fabrication et de la production,H1301,Q_9,Inspection de conformité,,,,,
H1X90,Ingénieurs et cadres de fabrication et de la production,H1505,Q_9,Intervention technique en formulation et analyse sensorielle,,,,,
H1X90,Ingénieurs et cadres de fabrication et de la production,H2502,Q_9,Management et ingénierie de production,,,,,
E5X70a,Techniciens des industries de process,H2502,Q_01234567,Management et ingénierie de production,,,,,
E5X80,Agents de maitrise et assimilés des industries de process,H2502,Q_8,Management et ingénierie de production,,,,,
H1X91,Ingénieurs et cadres techniques en Hygiène Sécurité Environnement -HSE- industriels et exploitation éco-industriel,A1204,Q_9,Protection du patrimoine naturel,,,,,
H1X92,Ingénieurs en maintenance et support technique client,H1101,Q_9,Assistance et support technique client,,,,,
H1X91,Ingénieurs et cadres techniques en Hygiène Sécurité Environnement -HSE- industriels et exploitation éco-industriel,H1302,Q_9,Management et ingénierie Hygiène Sécurité Environnement -HSE- industriels,,,,,
G1X70,Techniciens et agents de maîtrise en intervention technique en Hygiène Sécurité Environnement -HSE industriel et protection du patrimoine naturel,H1302,Q_012345678,Management et ingénierie Hygiène Sécurité Environnement -HSE- industriels,,,,,
H1X92,Ingénieurs en maintenance et support technique client,I1102,Q_9,Management et ingénierie de maintenance industrielle,,,,,
G1X72a,Techniciens et agents de maîtrise en maintenance mécanique et entretien d'équipements industriels,I1102,Q_012345678,Management et ingénierie de maintenance industrielle,,,,,
H1X91,Ingénieurs et cadres techniques en Hygiène Sécurité Environnement -HSE- industriels et exploitation éco-industriel,K2302,Q_9,Management et inspection en environnement urbain,,,,,
G1X78,Techniciens et agents de maîtrise en distribution et assainissement d'eau et gestion des déchets,K2302,Q_012345678,Management et inspection en environnement urbain,,,,,
H1X91,Ingénieurs et cadres techniques en Hygiène Sécurité Environnement -HSE- industriels et exploitation éco-industriel,K2306,Q_9,Supervision d'exploitation éco industrielle,,,,,
G1X78,Techniciens et agents de maîtrise en distribution et assainissement d'eau et gestion des déchets,K2306,Q_78,Supervision d'exploitation éco industrielle,,,,,
H1X93a,Ingénieurs et cadres technique en gestion industrielle et logistique,H1401,Q_9,Management et ingénierie gestion industrielle et logistique,,,,,
H0X92,"Techniciens et agents de maîtrise de la logistique, du planning, de l'ordonnancement et méthodes en industrialisation",H1401,Q_012345678,Management et ingénierie gestion industrielle et logistique,,,,,
H0X92,"Techniciens et agents de maîtrise de la logistique, du planning, de l'ordonnancement et méthodes en industrialisation",H1402,Q_012345678,Management et ingénierie méthodes et industrialisation,,,,,
H1X93b,Ingénieurs et cadres techniques en Management et ingénierie méthodes et industrialisation,H1402,Q_9,Management et ingénierie méthodes et industrialisation,,,,,
H1X93c,Ingénieurs et cadres techniques en management et ingénierie qualité industrielle et BTP,H1501,,Direction de laboratoire d'analyse industrielle,,,,,
H1X93c,Ingénieurs et cadres techniques en management et ingénierie qualité industrielle et BTP,H1502,Q_9,Management et ingénierie qualité industrielle,,,,,
H0X90,Techniciens du contrôle qualité,H1502,Q_78,Management et ingénierie qualité industrielle,,,,,
H0X40a,Ouvriers qualifiés du contrôle qualité,H1502,Q_0123456,Management et ingénierie qualité industrielle,,,,,
J0X32,"Conducteurs d’engins légers de déplacement de charges, cariste",N1101,Q_0125789,Conduite d'engins de déplacement des charges,,,,,
J0X30,Manutentionnaires et déménageurs peu qualifiés,N1102,Q_125,Déménagement,,,,,
J0X33,Magasiniers et préparateurs de commandes peu qualifiés,N1103,Q_125,Magasinage et préparation de commandes,,,,,
J0X30,Manutentionnaires et déménageurs peu qualifiés,N1105,Q_0125,Manutention manuelle de charges,,,,,
J5X40a,Agents d'exploitation des transports (hors ferroviaire),N2203,Q_0123456,Exploitation des pistes aéroportuaires,,,,,
J0X30,Manutentionnaires et déménageurs peu qualifiés,N3203,Q_0125789,Manutention portuaire,,,,,
J0X32,"Conducteurs d’engins légers de déplacement de charges, cariste",N1101,Q_346,Conduite d'engins de déplacement des charges,,,,,
J0X31,Manutentionnaires et déménageurs qualifiés,N1102,Q_034678,Déménagement,,,,,
J6X92,Cadres de la logistique,N1102,Q_9,Déménagement,,,,,
J0X34,Magasiniers et préparateurs de commande qualifiés,N1103,Q_0346,Magasinage et préparation de commandes,,,,,
J0X31,Manutentionnaires et déménageurs qualifiés,N1105,Q_346,Manutention manuelle de charges,,,,,
J1X80,Responsable du magasinage et de la logistique (non cadres),N1105,Q_78,Manutention manuelle de charges,,,,,
J6X92,Cadres de la logistique,N1105,Q_9,Manutention manuelle de charges,,,,,
J5X80,Techniciens d'exploitation et d'administration des transports,N2203,Q_78,Exploitation des pistes aéroportuaires,,,,,
J6X90a,Cadres des transports,N2203,Q_9,Exploitation des pistes aéroportuaires,,,,,
J0X31,Manutentionnaires et déménageurs qualifiés,N3203,Q_346,Manutention portuaire,,,,,
J1X80,Responsable du magasinage et de la logistique (non cadres),N1103,Q_78,Magasinage et préparation de commandes,,,,,
J6X92,Cadres de la logistique,N1103,Q_9,Magasinage et préparation de commandes,,,,,
J1X80,Responsable du magasinage et de la logistique (non cadres),N1302,Q_012345678,Direction de site logistique,,,,,
J3X40a,Ambulanciers,J1305,,Conduite de véhicules sanitaires,,,,,
J3X40b,"Conducteurs de taxi, VTC",N4102,,Conduite de transport de particuliers,,,,,
J3X41,Conducteurs de transport en commun sur route,N4103,,Conduite de transport en commun sur route,,,,,
J2X40,Facteurs et distributeurs de documents (non cadres),M1603,Q_0123456,Distribution de documents,,,,,
L4X80b,"Techniciens assistanat technique, administratif et gestion d'enquêtes",M1603,Q_78,Distribution de documents,,,,,
L5X90,"Cadres administratifs, comptables et financiers (hors juristes)",M1603,Q_9,Distribution de documents,,,,,
J3X42,Conducteurs et livreurs sur courte distance (hors distribution de documents),N4104,,Courses et livraisons express,,,,,
J3X42,Conducteurs et livreurs sur courte distance (hors distribution de documents),N4105,,Conduite et livraison par tournées sur courte distance,,,,,
J3X43,Conducteurs routiers,N4101,,Conduite de transport de marchandises sur longue distance,,,,,
J3X44,Conducteurs sur rails et d'engins de traction,N4301,,Conduite sur rails,,,,,
J3X44,Conducteurs sur rails et d'engins de traction,N4402,,Exploitation et manœuvre des remontées mécaniques,,,,,
J5X40c,"Responsable de circulation ferroviaire, chef de gare (non cadres)",N4401,Q_5678,Circulation du réseau ferré,,,,,
J6X90a,Cadres des transports,N4401,Q_9,Circulation du réseau ferré,,,,,
J5X40b,Agents d'exploitation des transports ferroviaires,N4401,Q_01234,Circulation du réseau ferré,,,,,
J5X40b,Agents d'exploitation des transports ferroviaires,N4403,,Manœuvre du réseau ferré,,,,,
J5X60,Contrôleurs des transports,N4302,Q_012345678,Contrôle des transports en commun,,,,,
J6X90a,Cadres des transports,N4302,Q_9,Contrôle des transports en commun,,,,,
H0X92,"Techniciens et agents de maîtrise de la logistique, du planning, de l'ordonnancement et méthodes en industrialisation",H1403,,Intervention technique en gestion industrielle et logistique,,,,,
J5X80,Techniciens d'exploitation et d'administration des transports,N1201,Q_78,Affrètement transport,,,,,
J6X90a,Cadres des transports,N1201,Q_9,Affrètement transport,,,,,
J5X80,Techniciens d'exploitation et d'administration des transports,N1202,Q_78,Gestion des opérations de circulation internationale des marchandises,,,,,
J6X90a,Cadres des transports,N1202,Q_9,Gestion des opérations de circulation internationale des marchandises,,,,,
J1X80,Responsable du magasinage et de la logistique (non cadres),N1301,Q_78,Conception et organisation de la chaîne logistique,,,,,
J1X80,Responsable du magasinage et de la logistique (non cadres),N1303,Q_78,Intervention technique d'exploitation logistique,,,,,
J0X34,Magasiniers et préparateurs de commande qualifiés,N1303,Q_0346,Intervention technique d'exploitation logistique,,,,,
J0X33,Magasiniers et préparateurs de commandes peu qualifiés,N1303,Q_125,Intervention technique d'exploitation logistique,,,,,
J0X33,Magasiniers et préparateurs de commandes peu qualifiés,N1301,Q_125,Conception et organisation de la chaîne logistique,,,,,
J0X34,Magasiniers et préparateurs de commande qualifiés,N1301,Q_0346,Conception et organisation de la chaîne logistique,,,,,
J6X92,Cadres de la logistique,N1303,Q_9,Intervention technique d'exploitation logistique,,,,,
J5X80,Techniciens d'exploitation et d'administration des transports,N2204,Q_012345678,Préparation des vols,,,,,
J6X90a,Cadres des transports,N2204,Q_9,Préparation des vols,,,,,
J5X80,Techniciens d'exploitation et d'administration des transports,N3201,Q_78,Exploitation des opérations portuaires et du transport maritime,,,,,
J0X30,Manutentionnaires et déménageurs peu qualifiés,N3201,Q_0125,Exploitation des opérations portuaires et du transport maritime,,,,,
J0X31,Manutentionnaires et déménageurs qualifiés,N3201,Q_346,Exploitation des opérations portuaires et du transport maritime,,,,,
J5X80,Techniciens d'exploitation et d'administration des transports,N3202,Q_78,Exploitation du transport fluvial,,,,,
J5X40a,Agents d'exploitation des transports (hors ferroviaire),N3202,Q_01234,Exploitation du transport fluvial,,,,,
J5X80,Techniciens d'exploitation et d'administration des transports,N4201,Q_78,Direction d'exploitation des transports routiers de marchandises,,,,,
J5X40a,Agents d'exploitation des transports (hors ferroviaire),N4201,Q_01234,Direction d'exploitation des transports routiers de marchandises,,,,,
J5X80,Techniciens d'exploitation et d'administration des transports,N4202,Q_78,Direction d'exploitation des transports routiers de personnes,,,,,
J5X40a,Agents d'exploitation des transports (hors ferroviaire),N4202,Q_01234,Direction d'exploitation des transports routiers de personnes,,,,,
J5X80,Techniciens d'exploitation et d'administration des transports,N4203,Q_78,Intervention technique d'exploitation des transports routiers de marchandises,,,,,
J5X40a,Agents d'exploitation des transports (hors ferroviaire),N4203,Q_01234,Intervention technique d'exploitation des transports routiers de marchandises,,,,,
J5X80,Techniciens d'exploitation et d'administration des transports,N4204,Q_78,Intervention technique d'exploitation des transports routiers de personnes,,,,,
J5X40a,Agents d'exploitation des transports (hors ferroviaire),N4204,Q_01234,Intervention technique d'exploitation des transports routiers de personnes,,,,,
J4X60,Agents et hôtesses d'accompagnement,G1201,Q_012345678,"Accompagnement de voyages, d'activités culturelles ou sportives",,,,,
J6X90b,Cadres du tourisme,G1201,Q_9,"Accompagnement de voyages, d'activités culturelles ou sportives",,,,,
J5X40a,Agents d'exploitation des transports (hors ferroviaire),N2101,Q_01234,Navigation commerciale aérienne,,,,,
J4X60,Agents et hôtesses d'accompagnement,N2101,Q_56,Navigation commerciale aérienne,,,,,
J5X81,Techniciens et agents de maîtrise du tourisme,N2101,Q_78,Navigation commerciale aérienne,,,,,
J6X91,Personnels techniques navigants de l’aviation,N2101,Q_9,Navigation commerciale aérienne,,,,,
J5X40a,Agents d'exploitation des transports (hors ferroviaire),N1201,Q_01234,Affrètement transport,,,,,
J4X62,Employés administratifs et commerciaux des transports,N1201,Q_56,Affrètement transport,,,,,
J5X40a,Agents d'exploitation des transports (hors ferroviaire),N1202,Q_01234,Gestion des opérations de circulation internationale des marchandises,,,,,
J4X62,Employés administratifs et commerciaux des transports,N1202,Q_56,Gestion des opérations de circulation internationale des marchandises,,,,,
J4X63,Employés du tourisme et agent de billetterie des transports,D1204,Q_56,Location de véhicules ou de matériel de loisirs,,,,,
J4X63,Employés du tourisme et agent de billetterie des transports,G1101,Q_0123456,Accueil touristique,,,,,
J5X81,Techniciens et agents de maîtrise du tourisme,G1101,Q_789,Accueil touristique,,,,,
J4X63,Employés du tourisme et agent de billetterie des transports,G1303,Q_56,Vente de voyages,,,,,
J5X40a,Agents d'exploitation des transports (hors ferroviaire),N2201,Q_01234,Personnel d'escale aéroportuaire,,,,,
J4X62,Employés administratifs et commerciaux des transports,N2201,Q_56,Personnel d'escale aéroportuaire,,,,,
J5X80,Techniciens d'exploitation et d'administration des transports,N2201,Q_789,Personnel d'escale aéroportuaire,,,,,
J4X63,Employés du tourisme et agent de billetterie des transports,D1204,Q_01234,Location de véhicules ou de matériel de loisirs,,,,,
J5X81,Techniciens et agents de maîtrise du tourisme,D1204,Q_789,Location de véhicules ou de matériel de loisirs,,,,,
J5X81,Techniciens et agents de maîtrise du tourisme,G1102,Q_78,Promotion du tourisme local,,,,,
J6X90b,Cadres du tourisme,G1102,Q_9,Promotion du tourisme local,,,,,
J4X63,Employés du tourisme et agent de billetterie des transports,G1102,Q_0123456,Promotion du tourisme local,,,,,
J5X81,Techniciens et agents de maîtrise du tourisme,G1301,Q_012345678,Conception de produits touristiques,,,,,
J6X90b,Cadres du tourisme,G1301,Q_9,Conception de produits touristiques,,,,,
J5X81,Techniciens et agents de maîtrise du tourisme,G1303,Q_78,Vente de voyages,,,,,
J6X90b,Cadres du tourisme,G1303,Q_9,Vente de voyages,,,,,
J4X63,Employés du tourisme et agent de billetterie des transports,G1303,Q_01234,Vente de voyages,,,,,
J4X62,Employés administratifs et commerciaux des transports,N3202,Q_56,Exploitation du transport fluvial,,,,,
J4X62,Employés administratifs et commerciaux des transports,N4201,Q_56,Direction d'exploitation des transports routiers de marchandises,,,,,
J4X62,Employés administratifs et commerciaux des transports,N4202,Q_56,Direction d'exploitation des transports routiers de personnes,,,,,
J4X62,Employés administratifs et commerciaux des transports,N4203,Q_56,Intervention technique d'exploitation des transports routiers de marchandises,,,,,
J4X62,Employés administratifs et commerciaux des transports,N4204,Q_56,Intervention technique d'exploitation des transports routiers de personnes,,,,,
J6X90a,Cadres des transports,N2202,,Contrôle de la navigation aérienne,,,,,
J6X90a,Cadres des transports,N2205,,Direction d'escale et exploitation aéroportuaire,,,,,
J6X90a,Cadres des transports,N3201,Q_9,Exploitation des opérations portuaires et du transport maritime,,,,,
J6X90a,Cadres des transports,N3202,Q_9,Exploitation du transport fluvial,,,,,
J6X90a,Cadres des transports,N4201,Q_9,Direction d'exploitation des transports routiers de marchandises,,,,,
J6X90a,Cadres des transports,N4202,Q_9,Direction d'exploitation des transports routiers de personnes,,,,,
J6X90a,Cadres des transports,N4203,Q_9,Intervention technique d'exploitation des transports routiers de marchandises,,,,,
J6X90a,Cadres des transports,N4204,Q_9,Intervention technique d'exploitation des transports routiers de personnes,,,,,
J6X91,Personnels techniques navigants de l’aviation,N2102,,Pilotage et navigation technique aérienne,,,,,
J5X81,Techniciens et agents de maîtrise du tourisme,G1302,Q_012345678,Optimisation de produits touristiques,,,,,
J6X90b,Cadres du tourisme,G1302,Q_9,Optimisation de produits touristiques,,,,,
J6X92,Cadres de la logistique,N1301,Q_9,Conception et organisation de la chaîne logistique,,,,,
J6X92,Cadres de la logistique,N1302,Q_9,Direction de site logistique,,,,,
T6X61d,"Artisans et ouvriers animaliers (toiletteurs, maréchaux-ferrants et taxidermistes)",A1502,Q_125,Podologie animale,,,,,
T6X61d,"Artisans et ouvriers animaliers (toiletteurs, maréchaux-ferrants et taxidermistes)",A1503,Q_125,Toilettage des animaux,,,,,
K0X30,Artisans et ouvriers artisanaux,B1302,Q_125,Décoration d'objets d'art et artisanaux,,,,,
K0X30,Artisans et ouvriers artisanaux,B1303,Q_125,Gravure - ciselure,,,,,
K0X30,Artisans et ouvriers artisanaux,B1401,Q_125,"Réalisation d'objets en lianes, fibres et brins végétaux",,,,,
K0X30,Artisans et ouvriers artisanaux,B1402,Q_125,Reliure et restauration de livres et archives,,,,,
K0X30,Artisans et ouvriers artisanaux,B1501,Q_125,Fabrication et réparation d'instruments de musique,,,,,
K0X30,Artisans et ouvriers artisanaux,B1601,Q_125,Métallerie d'art,,,,,
K0X30,Artisans et ouvriers artisanaux,B1603,Q_125,"Réalisation d'ouvrages en bijouterie, joaillerie et orfèvrerie",,,,,
T6X61d,"Artisans et ouvriers animaliers (toiletteurs, maréchaux-ferrants et taxidermistes)",B1701,Q_125,Conservation et reconstitution d'espèces animales,,,,,
K0X32,Artisans et ouvriers de blanchisserie,D1205,Q_125,Nettoyage d'articles textiles ou cuirs,,,,,
T6X61d,"Artisans et ouvriers animaliers (toiletteurs, maréchaux-ferrants et taxidermistes)",A1502,Q_0346789,Podologie animale,,,,,
T6X61d,"Artisans et ouvriers animaliers (toiletteurs, maréchaux-ferrants et taxidermistes)",A1503,Q_0346789,Toilettage des animaux,,,,,
K0X30,Artisans et ouvriers artisanaux,B1302,Q_0346789,Décoration d'objets d'art et artisanaux,,,,,
K0X30,Artisans et ouvriers artisanaux,B1303,Q_0346789,Gravure - ciselure,,,,,
K0X30,Artisans et ouvriers artisanaux,B1401,Q_0346789,"Réalisation d'objets en lianes, fibres et brins végétaux",,,,,
K0X30,Artisans et ouvriers artisanaux,B1402,Q_0346789,Reliure et restauration de livres et archives,,,,,
K0X30,Artisans et ouvriers artisanaux,B1501,Q_0346789,Fabrication et réparation d'instruments de musique,,,,,
K0X30,Artisans et ouvriers artisanaux,B1601,Q_0346789,Métallerie d'art,,,,,
K0X30,Artisans et ouvriers artisanaux,B1603,Q_0346789,"Réalisation d'ouvrages en bijouterie, joaillerie et orfèvrerie",,,,,
T6X61d,"Artisans et ouvriers animaliers (toiletteurs, maréchaux-ferrants et taxidermistes)",B1701,Q_0346789,Conservation et reconstitution d'espèces animales,,,,,
K0X32,Artisans et ouvriers de blanchisserie,D1205,Q_0346789,Nettoyage d'articles textiles ou cuirs,,,,,
L0X60b,Secrétaires assistants commerciaux,D1401,Q_0123456,Assistanat commercial,,,,,
L0X60a,Secrétaires,M1607,Q_0123456,Secrétariat,,,,,
L0X60c,Secrétaires comptables,M1608,Q_0123456,Secrétariat comptable,,,,,
L0X60d,Secrétaires médicaux et assistants médicaux ou médico-sociaux,M1609,Q_0123456,Secrétariat et assistanat médical ou médico-social,,,,,
L1X60,Employés de la comptabilité,M1203,Q_0123456,Comptabilité,,,,,
L2X60,Agents d'accueil et d'information,M1601,Q_0123456,Accueil et renseignements,,,,,
L4X80b,"Techniciens assistanat technique, administratif et gestion d'enquêtes",M1601,Q_78,Accueil et renseignements,,,,,
L5X90,"Cadres administratifs, comptables et financiers (hors juristes)",M1601,Q_9,Accueil et renseignements,,,,,
L2X61,Agents administratifs,M1401,Q_0123456,Conduite d'enquêtes,,,,,
L4X80b,"Techniciens assistanat technique, administratif et gestion d'enquêtes",M1401,Q_78,Conduite d'enquêtes,,,,,
L5X90,"Cadres administratifs, comptables et financiers (hors juristes)",M1401,Q_9,Conduite d'enquêtes,,,,,
L2X61,Agents administratifs,M1501,Q_0123456,Assistanat en ressources humaines,,,,,
L2X61,Agents administratifs,M1602,Q_0123456,Opérations administratives,,,,,
L4X80b,"Techniciens assistanat technique, administratif et gestion d'enquêtes",M1602,Q_78,Opérations administratives,,,,,
L5X90,"Cadres administratifs, comptables et financiers (hors juristes)",M1602,Q_9,Opérations administratives,,,,,
L2X61,Agents administratifs,M1605,Q_0123456,Assistanat technique et administratif,,,,,
L2X61,Agents administratifs,M1606,Q_0123456,Saisie de données,,,,,
L4X80b,"Techniciens assistanat technique, administratif et gestion d'enquêtes",M1606,Q_78,Saisie de données,,,,,
L5X90,"Cadres administratifs, comptables et financiers (hors juristes)",M1606,Q_9,Saisie de données,,,,,
L3X80a,Assistants commerciaux techniciens,D1401,Q_78,Assistanat commercial,,,,,
R4X90b,Cadres commerciaux et de la mercatique,D1401,Q_9,Assistanat commercial,,,,,
L3X80b,Secrétaires et assistanat de direction,M1604,Q_78,Assistanat de direction,,,,,
L0X60a,Secrétaires,M1604,Q_0123456,Assistanat de direction,,,,,
L5X90,"Cadres administratifs, comptables et financiers (hors juristes)",M1604,Q_9,Assistanat de direction,,,,,
L3X80b,Secrétaires et assistanat de direction,M1607,Q_78,Secrétariat,,,,,
L5X90,"Cadres administratifs, comptables et financiers (hors juristes)",M1607,Q_9,Secrétariat,,,,,
L3X80c,Secrétaires de direction comptable,M1608,Q_78,Secrétariat comptable,,,,,
L5X90,"Cadres administratifs, comptables et financiers (hors juristes)",M1608,Q_9,Secrétariat comptable,,,,,
L3X80d,Secrétaires de direction médical ou médico-social,M1609,Q_78,Secrétariat et assistanat médical ou médico-social,,,,,
L5X90,"Cadres administratifs, comptables et financiers (hors juristes)",M1609,Q_9,Secrétariat et assistanat médical ou médico-social,,,,,
L4X80a,Techniciens assistanat en ressources humaines,M1404,,Management et gestion d'enquêtes,,,,,
L4X80a,Techniciens assistanat en ressources humaines,M1501,Q_78,Assistanat en ressources humaines,,,,,
L5X92,Cadres des ressources humaines et du recrutement,M1501,Q_9,Assistanat en ressources humaines,,,,,
L4X80b,"Techniciens assistanat technique, administratif et gestion d'enquêtes",M1605,Q_78,Assistanat technique et administratif,,,,,
L5X90,"Cadres administratifs, comptables et financiers (hors juristes)",M1605,Q_9,Assistanat technique et administratif,,,,,
L4X81,Techniciens et agents de maîtrise des services financiers ou comptables,M1203,Q_78,Comptabilité,,,,,
L5X90,"Cadres administratifs, comptables et financiers (hors juristes)",M1201,Q_9,Analyse et ingénierie financière,,,,,
L4X81,Techniciens et agents de maîtrise des services financiers ou comptables,M1201,Q_012345678,Analyse et ingénierie financière,,,,,
L5X90,"Cadres administratifs, comptables et financiers (hors juristes)",M1202,Q_9,Audit et contrôle comptables et financiers,,,,,
L4X81,Techniciens et agents de maîtrise des services financiers ou comptables,M1202,Q_012345678,Audit et contrôle comptables et financiers,,,,,
L5X90,"Cadres administratifs, comptables et financiers (hors juristes)",M1203,Q_9,Comptabilité,,,,,
L5X90,"Cadres administratifs, comptables et financiers (hors juristes)",M1204,Q_9,Contrôle de gestion,,,,,
L4X81,Techniciens et agents de maîtrise des services financiers ou comptables,M1204,Q_78,Contrôle de gestion,,,,,
L1X60,Employés de la comptabilité,M1204,Q_0123456,Contrôle de gestion,,,,,
L5X90,"Cadres administratifs, comptables et financiers (hors juristes)",M1205,Q_9,Direction administrative et financière,,,,,
L4X81,Techniciens et agents de maîtrise des services financiers ou comptables,M1205,Q_78,Direction administrative et financière,,,,,
L2X61,Agents administratifs,M1205,Q_0123456,Direction administrative et financière,,,,,
L5X90,"Cadres administratifs, comptables et financiers (hors juristes)",M1206,Q_9,Management de groupe ou de service comptable,,,,,
L4X81,Techniciens et agents de maîtrise des services financiers ou comptables,M1206,Q_78,Management de groupe ou de service comptable,,,,,
L1X60,Employés de la comptabilité,M1206,Q_0123456,Management de groupe ou de service comptable,,,,,
L5X90,"Cadres administratifs, comptables et financiers (hors juristes)",M1207,Q_9,Trésorerie et financement,,,,,
L4X81,Techniciens et agents de maîtrise des services financiers ou comptables,M1207,Q_012345678,Trésorerie et financement,,,,,
L5X90,"Cadres administratifs, comptables et financiers (hors juristes)",M1402,Q_9,Conseil en organisation et management d'entreprise,,,,,
L4X80b,"Techniciens assistanat technique, administratif et gestion d'enquêtes",M1402,Q_012345678,Conseil en organisation et management d'entreprise,,,,,
L5X93,Chargés d'études socio-économiques,M1403,Q_9,Études et prospectives socio-économiques,,,,,
L4X82,Techniciens et agents de maîtrise chargés d'études socio-économiques,M1403,Q_012345678,Études et prospectives socio-économiques,,,,,
L5X91,Juristes et avocats,K1903,,Défense et conseil juridique,,,,,
L5X92,Cadres des ressources humaines et du recrutement,K2101,Q_9,Conseil en formation,,,,,
L4X80a,Techniciens assistanat en ressources humaines,K2101,Q_012345678,Conseil en formation,,,,,
L5X92,Cadres des ressources humaines et du recrutement,K2102,,Coordination pédagogique,,,,,
L5X92,Cadres des ressources humaines et du recrutement,M1502,Q_9,Développement des ressources humaines,,,,,
L4X80a,Techniciens assistanat en ressources humaines,M1502,Q_78,Développement des ressources humaines,,,,,
L2X61,Agents administratifs,M1502,Q_0123456,Développement des ressources humaines,,,,,
L5X92,Cadres des ressources humaines et du recrutement,M1503,Q_9,Management des ressources humaines,,,,,
L4X80a,Techniciens assistanat en ressources humaines,M1503,Q_012345678,Management des ressources humaines,,,,,
L6X00,Dirigeants de petites et moyennes entreprises de moins de 50 salariés,M1302,,Direction de petite ou moyenne entreprise,,,,,
L6X90,Cadres dirigeants des grandes entreprises de plus de 50 salariés,M1301,,Direction de grande entreprise ou d'établissement public,,,,,
M1X81a,"Techniciens de production, exploitation et administration des systèmes d'information",M1801,Q_0123456,Administration de systèmes d'information,,,,,
M1X80,Techniciens d'étude et de développement en informatique,M1805,Q_0123456,Études et développement informatique,,,,,
M1X81a,"Techniciens de production, exploitation et administration des systèmes d'information",M1810,Q_0123456,Production et exploitation de systèmes d'information,,,,,
M1X80,Techniciens d'étude et de développement en informatique,M1805,Q_78,Études et développement informatique,,,,,
M1X81c,"Techniciens de maintenance, support et service aux utilisateurs en informatique",I1401,Q_012345678,Maintenance informatique et bureautique,,,,,
M1X81a,"Techniciens de production, exploitation et administration des systèmes d'information",M1801,Q_78,Administration de systèmes d'information,,,,,
M1X81a,"Techniciens de production, exploitation et administration des systèmes d'information",M1810,Q_78,Production et exploitation de systèmes d'information,,,,,
M2X92a,"Responsables de production, d'exploitation et d'administration des systèmes d'information et télécom",M1801,Q_9,Administration de systèmes d'information,,,,,
M2X93,Experts et consultants en systèmes d'information,M1802,,Conseil et maîtrise d'ouvrage en systèmes d'information,,,,,
M2X91,Chefs de projet et directeurs de service informatique,M1803,Q_9,Direction des systèmes d'information,,,,,
M1X81a,"Techniciens de production, exploitation et administration des systèmes d'information",M1803,Q_012345678,Direction des systèmes d'information,,,,,
M2X90,"Ingénieurs et cadres d'étude, recherche et développement en informatique et télécom",M1805,Q_9,Études et développement informatique,,,,,
M2X93,Experts et consultants en systèmes d'information,M1806,,Expertise et support technique en systèmes d'information,,,,,
M2X92a,"Responsables de production, d'exploitation et d'administration des systèmes d'information et télécom",M1810,Q_9,Production et exploitation de systèmes d'information,,,,,
M2X92b,"Responsables et cadres de maintenance, support et service aux utilisateurs en informatique et télécom",I1401,Q_9,Maintenance informatique et bureautique,,,,,
M2X90,"Ingénieurs et cadres d'étude, recherche et développement en informatique et télécom",M1804,Q_9,Études et développement de réseaux de télécoms,,,,,
M1X81b,"Techniciens d’exploitation, installation et maintenance des infrastructures réseau télecoms",M1804,Q_012345678,Études et développement de réseaux de télécoms,,,,,
M2X92a,"Responsables de production, d'exploitation et d'administration des systèmes d'information et télécom",M1807,Q_9,Exploitation de systèmes de communication et de commandement,,,,,
M1X81b,"Techniciens d’exploitation, installation et maintenance des infrastructures réseau télecoms",M1807,Q_012345678,Exploitation de systèmes de communication et de commandement,,,,,
N1X90,"Ingénieurs et cadres d'étude, recherche et développement (industrie)",H1206,Q_9,"Management et ingénierie études, recherche et développement industriel",,,,,
N0X70,"Techniciens d'étude, recherche et développement",H1206,Q_012345678,"Management et ingénierie études, recherche et développement industriel",,,,,
N1X90,"Ingénieurs et cadres d'étude, recherche et développement (industrie)",M1808,Q_9,Information géographique,,,,,
N0X70,"Techniciens d'étude, recherche et développement",M1808,Q_012345678,Information géographique,,,,,
N1X90,"Ingénieurs et cadres d'étude, recherche et développement (industrie)",M1809,Q_9,Information météorologique,,,,,
N0X70,"Techniciens d'étude, recherche et développement",M1809,Q_012345678,Information météorologique,,,,,
N1X91,Chercheurs (sauf industrie et enseignement supérieur),K2401,,Recherche en sciences de l'homme et de la société,,,,,
N0X70,"Techniciens d'étude, recherche et développement",K2402,Q_012345678,"Recherche en sciences de l'univers, de la matière et du vivant",,,,,
N1X91,Chercheurs (sauf industrie et enseignement supérieur),K2402,Q_9,"Recherche en sciences de l'univers, de la matière et du vivant",,,,,
P0X60,Agents des impôts et des douanes,K1501,Q_0123456,Application des règles financières publiques,,,,,
P1X80,Contrôleurs des impôts et des douanes,K1501,Q_78,Application des règles financières publiques,,,,,
P2X90g,"Cadres A des impôts, du Trésor Public et des douanes",K1501,Q_9,Application des règles financières publiques,,,,,
P0X60,Agents des impôts et des douanes,K1503,Q_0123456,Contrôle et inspection des impôts,,,,,
P1X80,Contrôleurs des impôts et des douanes,K1503,Q_78,Contrôle et inspection des impôts,,,,,
P0X60,Agents des impôts et des douanes,K1504,Q_0123456,Contrôle et inspection du Trésor Public,,,,,
P1X80,Contrôleurs des impôts et des douanes,K1504,Q_78,Contrôle et inspection du Trésor Public,,,,,
P0X60,Agents des impôts et des douanes,K1505,Q_0123456,Protection des consommateurs et contrôle des échanges commerciaux,,,,,
P1X80,Contrôleurs des impôts et des douanes,K1505,Q_78,Protection des consommateurs et contrôle des échanges commerciaux,,,,,
P1X81,Autres cadres B des administrations publiques,K1502,Q_012345678,Contrôle et inspection des Affaires Sociales,,,,,
P2X90a,"Cadres A des administrations publiques en conception, pilotage et mise en oeuvre des pouvoirs publics et en représentation de l'Etat",K1401,,Conception et pilotage de la politique des pouvoirs publics,,,,,
P2X90b,"Cadres A des administrations publiques en management de structure de santé, sociale ou pénitentiaire",K1403,Q_9,"Management de structure de santé, sociale ou pénitentiaire",,,,,
P1X81,Autres cadres B des administrations publiques,K1403,Q_012345678,"Management de structure de santé, sociale ou pénitentiaire",,,,,
P2X90a,"Cadres A des administrations publiques en conception, pilotage et mise en oeuvre des pouvoirs publics et en représentation de l'Etat",K1404,Q_9,Mise en œuvre et pilotage de la politique des pouvoirs publics,,,,,
P1X81,Autres cadres B des administrations publiques,K1404,Q_78,Mise en œuvre et pilotage de la politique des pouvoirs publics,,,,,
P0X61,Autres cadres C des administrations publiques,K1404,Q_0123456,Mise en œuvre et pilotage de la politique des pouvoirs publics,,,,,
P2X90a,"Cadres A des administrations publiques en conception, pilotage et mise en oeuvre des pouvoirs publics et en représentation de l'Etat",K1405,,Représentation de l'État sur le territoire national ou international,,,,,
P2X90e,"Cadres A des administrations publiques en inspection du travail, de la sécurité sociale et des Urssaf",K1502,Q_9,Contrôle et inspection des Affaires Sociales,,,,,
P2X90g,"Cadres A des impôts, du Trésor Public et des douanes",K1503,Q_9,Contrôle et inspection des impôts,,,,,
P2X90g,"Cadres A des impôts, du Trésor Public et des douanes",K1504,Q_9,Contrôle et inspection du Trésor Public,,,,,
P2X90g,"Cadres A des impôts, du Trésor Public et des douanes",K1505,Q_9,Protection des consommateurs et contrôle des échanges commerciaux,,,,,
P2X90h,Cadres A des administrations publiques chargées du patrimoine et de la culture,K1602,Q_9,Gestion de patrimoine culturel,,,,,
P1X81,Autres cadres B des administrations publiques,K1602,Q_78,Gestion de patrimoine culturel,,,,,
P0X61,Autres cadres C des administrations publiques,K1602,Q_0123456,Gestion de patrimoine culturel,,,,,
P2X90i,Cadres A de l'administration publique territoriale,K1802,Q_9,Développement local,,,,,
P1X81,Autres cadres B des administrations publiques,K1802,Q_78,Développement local,,,,,
P0X61,Autres cadres C des administrations publiques,K1802,Q_0123456,Développement local,,,,,
P3X90a,Professionnels du droit en Aide et médiation judiciaire,K1901,,Aide et médiation judiciaire,,,,,
P3X90b,Professionnels du droit en Collaboration juridique,K1902,,Collaboration juridique,,,,,
P3X91,Magistrats,K1904,,Magistrature,,,,,
P4X60a,Personnel de la Défense,K1701,Q_012345678,Personnel de la Défense,,,,,
P4X80b,Cadres de la défense,K1701,Q_9,Personnel de la Défense,,,,,
P4X60b,Sécurité civile et secours,K1705,Q_012345678,Sécurité civile et secours,,,,,
P4X80a,Cadres de la sécurité civile et des secours,K1705,Q_9,Sécurité civile et secours,,,,,
P4X60c,Sécurité publique,K1706,Q_012345678,Sécurité publique,,,,,
P4X80c,Management de la sécurité publique,K1706,Q_9,Sécurité publique,,,,,
P4X61,Agents de polices municipales,K1707,Q_012345678,Surveillance municipale,,,,,
P4X80c,Management de la sécurité publique,K1707,Q_9,Surveillance municipale,,,,,
P4X80a,Cadres de la sécurité civile et des secours,K1702,,Direction de la sécurité civile et des secours,,,,,
P4X80b,Cadres de la défense,K1703,,Direction opérationnelle de la défense,,,,,
P4X80c,Management de la sécurité publique,K1704,,Management de la sécurité publique,,,,,
QDX01,Employés et techniciens commerciaux des assurances,C1102,Q_012356,Conseil clientèle en assurances,,,,,
QDX02,Cadres et indépendants commerciaux des assurances,C1102,Q_4,Conseil clientèle en assurances,,,,,
QBX01,Gestionnaires de la banque et de l'assurance,C1109,Q_0123456,Rédaction et gestion en assurances,,,,,
QCX01,Employés et techniciens commerciaux de la banque,C1201,Q_012356,Accueil et services bancaires,,,,,
QCX02,Cadres et indépendants commerciaux de la banque,C1201,Q_4,Accueil et services bancaires,,,,,
QCX01,Employés et techniciens commerciaux de la banque,C1206,Q_012356,Gestion de clientèle bancaire,,,,,
QCX02,Cadres et indépendants commerciaux de la banque,C1206,Q_4,Gestion de clientèle bancaire,,,,,
QBX01,Gestionnaires de la banque et de l'assurance,C1401,,Gestion en banque et assurances,,,,,
QCX01,Employés et techniciens commerciaux de la banque,C1201,Q_78,Accueil et services bancaires,,,,,
QCX02,Cadres et indépendants commerciaux de la banque,C1201,Q_9,Accueil et services bancaires,,,,,
QAX02,Experts de la banque,C1202,Q_012345678,Analyse de crédits et risques bancaires,,,,,
QCX01,Employés et techniciens commerciaux de la banque,C1203,Q_01235678,Relation clients banque/finance,,,,,
QCX02,Cadres et indépendants commerciaux de la banque,C1203,Q_4,Relation clients banque/finance,,,,,
QCX01,Employés et techniciens commerciaux de la banque,C1205,Q_01235678,Conseil en gestion de patrimoine financier,,,,,
QCX02,Cadres et indépendants commerciaux de la banque,C1205,Q_4,Conseil en gestion de patrimoine financier,,,,,
QCX01,Employés et techniciens commerciaux de la banque,C1206,Q_78,Gestion de clientèle bancaire,,,,,
QCX02,Cadres et indépendants commerciaux de la banque,C1206,Q_9,Gestion de clientèle bancaire,,,,,
QAX01,Experts de la finance,C1302,Q_12345678,Gestion back et middle-office marchés financiers,,,,,
QDX01,Employés et techniciens commerciaux des assurances,C1102,Q_78,Conseil clientèle en assurances,,,,,
QDX02,Cadres et indépendants commerciaux des assurances,C1102,Q_9,Conseil clientèle en assurances,,,,,
QDX01,Employés et techniciens commerciaux des assurances,C1103,Q_012356,Courtage en assurances,,,,,
QDX02,Cadres et indépendants commerciaux des assurances,C1103,Q_4,Courtage en assurances,,,,,
QAX03,Experts de l'assurance,C1105,Q_12345678,Études actuarielles en assurances,,,,,
QAX03,Experts de l'assurance,C1106,Q_12345678,Expertise risques en assurance,,,,,
QAX03,Experts de l'assurance,C1107,Q_12345678,Indemnisations en assurances,,,,,
QBX01,Gestionnaires de la banque et de l'assurance,C1109,Q_789,Rédaction et gestion en assurances,,,,,
QDX01,Employés et techniciens commerciaux des assurances,C1110,Q_01235678,Souscription d'assurances,,,,,
QDX02,Cadres et indépendants commerciaux des assurances,C1110,Q_49,Souscription d'assurances,,,,,
QAX02,Experts de la banque,C1202,Q_9,Analyse de crédits et risques bancaires,,,,,
QCX02,Cadres et indépendants commerciaux de la banque,C1203,Q_9,Relation clients banque/finance,,,,,
QAX02,Experts de la banque,C1204,,Conception et expertise produits bancaires et financiers,,,,,
QCX02,Cadres et indépendants commerciaux de la banque,C1205,Q_9,Conseil en gestion de patrimoine financier,,,,,
QEX01,Managers en banque assurance,C1207,,Management en exploitation bancaire,,,,,
QAX01,Experts de la finance,C1301,,Front office marchés financiers,,,,,
QAX01,Experts de la finance,C1302,Q_09,Gestion back et middle-office marchés financiers,,,,,
QAX01,Experts de la finance,C1303,,Gestion de portefeuilles sur les marchés financiers,,,,,
QAX03,Experts de l'assurance,C1101,,Conception développement produits d'assurances,,,,,
QDX01,Employés et techniciens commerciaux des assurances,C1103,Q_78,Courtage en assurances,,,,,
QDX02,Cadres et indépendants commerciaux des assurances,C1103,Q_9,Courtage en assurances,,,,,
QEX01,Managers en banque assurance,C1104,,Direction d'exploitation en assurances,,,,,
QAX03,Experts de l'assurance,C1105,Q_09,Études actuarielles en assurances,,,,,
QAX03,Experts de l'assurance,C1106,Q_09,Expertise risques en assurance,,,,,
QAX03,Experts de l'assurance,C1107,Q_09,Indemnisations en assurances,,,,,
QEX01,Managers en banque assurance,C1108,,Management de groupe et de service en assurances,,,,,
R0X60a,Employés de magasins animateurs de vente,D1501,Q_0123456,Animation de vente,,,,,
R0X60b,Employés de mise en rayon libre-service,D1507,Q_0123456,Mise en rayon libre - service,,,,,
R3X80,Maîtrise des magasins,D1507,Q_78,Mise en rayon libre - service,,,,,
R4X92,Cadres du management des magasins,D1507,Q_9,Mise en rayon libre - service,,,,,
R0X61,Caissiers,D1505,,Personnel de caisse,,,,,
R1X60a,Vendeurs en poissonnerie,D1105,Q_0123456,Poissonnerie,,,,,
R3X80,Maîtrise des magasins,D1105,Q_78,Poissonnerie,,,,,
R4X92,Cadres du management des magasins,D1105,Q_9,Poissonnerie,,,,,
R1X60b,Vendeurs en alimentation,D1106,Q_0123456,Vente en alimentation,,,,,
R3X80,Maîtrise des magasins,D1106,Q_78,Vente en alimentation,,,,,
R4X92,Cadres du management des magasins,D1106,Q_9,Vente en alimentation,,,,,
R1X60c,Vendeurs en gros de produits frais,D1107,Q_0123456,Vente en gros de produits frais,,,,,
R3X80,Maîtrise des magasins,D1107,Q_78,Vente en gros de produits frais,,,,,
R4X92,Cadres du management des magasins,D1107,Q_9,Vente en gros de produits frais,,,,,
R1X61,"Vendeurs en ameublement, équipement du foyer, bricolage",D1212,Q_0123456,Vente en décoration et équipement du foyer,,,,,
R3X80,Maîtrise des magasins,D1212,Q_78,Vente en décoration et équipement du foyer,,,,,
R4X92,Cadres du management des magasins,D1212,Q_9,Vente en décoration et équipement du foyer,,,,,
R1X62a,"Vendeurs en Achat vente d'objets d'art, anciens ou d'occasion",D1201,Q_012345678,"Achat vente d'objets d'art, anciens ou d'occasion",,,,,
R4X92,Cadres du management des magasins,D1201,Q_9,"Achat vente d'objets d'art, anciens ou d'occasion",,,,,
R1X62b,Vendeurs de végétaux et vendeurs en animalerie,D1209,Q_0123456,Vente de végétaux,,,,,
R3X80,Maîtrise des magasins,D1209,Q_78,Vente de végétaux,,,,,
R4X92,Cadres du management des magasins,D1209,Q_9,Vente de végétaux,,,,,
R1X62b,Vendeurs de végétaux et vendeurs en animalerie,D1210,Q_0123456,Vente en animalerie,,,,,
R3X80,Maîtrise des magasins,D1210,Q_78,Vente en animalerie,,,,,
R4X92,Cadres du management des magasins,D1210,Q_9,Vente en animalerie,,,,,
R1X62d,"Vendeurs en articles de sport, de loisirs et de véhicules",D1211,Q_0123456,Vente en articles de sport et loisirs,,,,,
R3X80,Maîtrise des magasins,D1211,Q_78,Vente en articles de sport et loisirs,,,,,
R4X92,Cadres du management des magasins,D1211,Q_9,Vente en articles de sport et loisirs,,,,,
R1X62e,Vendeurs en habillement et accessoires de la personne,D1214,Q_0123456,Vente en habillement et accessoires de la personne,,,,,
R3X80,Maîtrise des magasins,D1214,Q_78,Vente en habillement et accessoires de la personne,,,,,
R4X92,Cadres du management des magasins,D1214,Q_9,Vente en habillement et accessoires de la personne,,,,,
R1X61,"Vendeurs en ameublement, équipement du foyer, bricolage",D1213,,Vente en gros de matériel et équipements,,,,,
R1X67,Télévendeurs et téléconseillers,D1408,Q_0123456,Téléconseil et télévente,,,,,
R3X80,Maîtrise des magasins,D1408,Q_78,Téléconseil et télévente,,,,,
R4X92,Cadres du management des magasins,D1408,Q_9,Téléconseil et télévente,,,,,
R2X80a,Attachés commerciaux (hors médical),D1402,Q_012345678,Relation commerciale grands comptes et entreprise,,,,,
R4X90b,Cadres commerciaux et de la mercatique,D1402,Q_9,Relation commerciale grands comptes et entreprise,,,,,
R2X80b,Conseillers en information médicale,D1405,Q_012345678,Conseil en information médicale,,,,,
R4X91,Technico-commerciaux,D1405,Q_9,Conseil en information médicale,,,,,
R2X80a,Attachés commerciaux (hors médical),D1407,Q_012345678,Relation technico-commerciale,,,,,
R2X83,Représentants auprès des particuliers,D1403,Q_012345678,Relation commerciale auprès de particuliers,,,,,
R4X91,Technico-commerciaux,D1403,Q_9,Relation commerciale auprès de particuliers,,,,,
R1X62d,"Vendeurs en articles de sport, de loisirs et de véhicules",D1404,Q_12356,Relation commerciale en vente de véhicules **,,,,,
R2X83,Représentants auprès des particuliers,D1404,Q_0478,Relation commerciale en vente de véhicules **,,,,,
R4X91,Technico-commerciaux,D1404,Q_9,Relation commerciale en vente de véhicules **,,,,,
R3X83,Professions intermédiaires du marketing et des services commerciaux (hors achats),D1501,Q_78,Animation de vente,,,,,
R4X90b,Cadres commerciaux et de la mercatique,D1501,Q_9,Animation de vente,,,,,
R3X80,Maîtrise des magasins,D1502,Q_012345678,Management/gestion de rayon produits alimentaires,,,,,
R4X92,Cadres du management des magasins,D1502,Q_9,Management/gestion de rayon produits alimentaires,,,,,
R3X80,Maîtrise des magasins,D1503,,Management/gestion de rayon produits non alimentaires,,,,,
R3X80,Maîtrise des magasins,D1506,Q_012345678,Marchandisage,,,,,
R3X80,Maîtrise des magasins,D1508,Q_012345678,Encadrement du personnel de caisses,,,,,
R4X92,Cadres du management des magasins,D1508,Q_9,Encadrement du personnel de caisses,,,,,
R1X68,Employés des services commerciaux,M1101,Q_123456,Achats,,,,,
R3X82,Professions intermédiaires commerciales des achats,M1101,Q_78,Achats,,,,,
R3X82,Professions intermédiaires commerciales des achats,M1102,Q_12345678,Direction des achats,,,,,
R4X90b,Cadres commerciaux et de la mercatique,D1406,Q_9,Management en force de vente,,,,,
R3X83,Professions intermédiaires du marketing et des services commerciaux (hors achats),D1406,Q_012345678,Management en force de vente,,,,,
R4X90b,Cadres commerciaux et de la mercatique,D1506,Q_9,Marchandisage,,,,,
R4X90a,acheteurs,M1101,Q_09,Achats,,,,,
R4X90a,acheteurs,M1102,Q_09,Direction des achats,,,,,
R4X90b,Cadres commerciaux et de la mercatique,M1701,Q_9,Administration des ventes,,,,,
R3X83,Professions intermédiaires du marketing et des services commerciaux (hors achats),M1701,Q_78,Administration des ventes,,,,,
R1X68,Employés des services commerciaux,M1701,Q_0123456,Administration des ventes,,,,,
R4X90b,Cadres commerciaux et de la mercatique,M1702,,Analyse de tendance,,,,,
R4X90b,Cadres commerciaux et de la mercatique,M1703,Q_9,Management et gestion de produit,,,,,
R3X83,Professions intermédiaires du marketing et des services commerciaux (hors achats),M1703,Q_78,Management et gestion de produit,,,,,
R1X68,Employés des services commerciaux,M1703,Q_0123456,Management et gestion de produit,,,,,
R4X90b,Cadres commerciaux et de la mercatique,M1704,Q_9,Management relation clientèle,,,,,
R3X83,Professions intermédiaires du marketing et des services commerciaux (hors achats),M1704,Q_78,Management relation clientèle,,,,,
R1X68,Employés des services commerciaux,M1704,Q_0123456,Management relation clientèle,,,,,
R4X90b,Cadres commerciaux et de la mercatique,M1705,Q_9,Marketing,,,,,
R3X83,Professions intermédiaires du marketing et des services commerciaux (hors achats),M1705,Q_012345678,Marketing,,,,,
R4X90b,Cadres commerciaux et de la mercatique,M1707,Q_9,Stratégie commerciale,,,,,
R3X83,Professions intermédiaires du marketing et des services commerciaux (hors achats),M1707,Q_012345678,Stratégie commerciale,,,,,
R4X91,Technico-commerciaux,D1407,Q_9,Relation technico-commerciale,,,,,
R4X91,Technico-commerciaux,H1102,Q_9,Management et ingénierie d'affaires,,,,,
R2X80a,Attachés commerciaux (hors médical),H1102,Q_012345678,Management et ingénierie d'affaires,,,,,
R4X90b,Cadres commerciaux et de la mercatique,M1706,Q_9,Promotion des ventes,,,,,
R3X83,Professions intermédiaires du marketing et des services commerciaux (hors achats),M1706,Q_012345678,Promotion des ventes,,,,,
R4X92,Cadres du management des magasins,D1301,Q_049,Management de magasin de détail,,,,,
R3X80,Maîtrise des magasins,D1301,Q_1235678,Management de magasin de détail,,,,,
R4X92,Cadres du management des magasins,D1504,Q_049,Direction de magasin de grande distribution,,,,,
R3X80,Maîtrise des magasins,D1504,Q_1235678,Direction de magasin de grande distribution,,,,,
R4X92,Cadres du management des magasins,D1509,,Management de département en grande distribution,,,,,
R4X93b,"Cadres chargés de gérance, de location et de projets immobiliers",C1501,Q_49,Gérance immobilière,,,,,
R3X84,Employés et professions intermédiaires de l'immobilier,C1501,Q_01235678,Gérance immobilière,,,,,
R4X93b,"Cadres chargés de gérance, de location et de projets immobiliers",C1502,Q_49,Gestion locative immobilière,,,,,
R3X84,Employés et professions intermédiaires de l'immobilier,C1502,Q_01235678,Gestion locative immobilière,,,,,
R4X93b,"Cadres chargés de gérance, de location et de projets immobiliers",C1503,Q_49,Management de projet immobilier,,,,,
R3X84,Employés et professions intermédiaires de l'immobilier,C1503,Q_01235678,Management de projet immobilier,,,,,
R4X93a,Cadres agents immobiliers,C1504,Q_49,Transaction immobilière,,,,,
R3X84,Employés et professions intermédiaires de l'immobilier,C1504,Q_01235678,Transaction immobilière,,,,,
S0X40,Bouchers,D1101,Q_125,Boucherie,,,,,
S0X42,"Boulangers, pâtissiers",D1102,Q_125,Boulangerie - viennoiserie,,,,,
S0X41,"Charcutiers, traiteurs",D1103,Q_125,Charcuterie - traiteur,,,,,
S0X42,"Boulangers, pâtissiers",D1104,Q_125,"Pâtisserie, confiserie, chocolaterie et glacerie",,,,,
S0X40,Bouchers,D1101,Q_0346789,Boucherie,,,,,
S0X40,Bouchers,H2101,Q_0346789,Abattage et découpe des viandes,,,,,
S0X41,"Charcutiers, traiteurs",D1103,Q_0346789,Charcuterie - traiteur,,,,,
S0X42,"Boulangers, pâtissiers",D1102,Q_0346789,Boulangerie - viennoiserie,,,,,
S0X42,"Boulangers, pâtissiers",D1104,Q_0346789,"Pâtisserie, confiserie, chocolaterie et glacerie",,,,,
S1X20,Aides de cuisine et employés polyvalents de la restauration,G1603,Q_012456,Personnel polyvalent en restauration,,,,,
S1X40,Cuisiniers,G1603,Q_3789,Personnel polyvalent en restauration,,,,,
S1X20,Aides de cuisine et employés polyvalents de la restauration,G1604,Q_01256,Fabrication de crêpes ou pizzas,,,,,
S1X40,Cuisiniers,G1604,Q_3,Fabrication de crêpes ou pizzas,,,,,
S1X80,Chefs cuisiniers,G1604,Q_78,Fabrication de crêpes ou pizzas,,,,,
S3X90,Patrons et cadres de l’hôtellerie et de la restauration,G1604,Q_49,Fabrication de crêpes ou pizzas,,,,,
S1X20,Aides de cuisine et employés polyvalents de la restauration,G1605,,Plonge en restauration,,,,,
S1X40,Cuisiniers,G1602,Q_036,Personnel de cuisine,,,,,
S1X20,Aides de cuisine et employés polyvalents de la restauration,G1602,Q_125,Personnel de cuisine,,,,,
S1X80,Chefs cuisiniers,G1602,Q_78,Personnel de cuisine,,,,,
S3X90,Patrons et cadres de l’hôtellerie et de la restauration,G1602,Q_49,Personnel de cuisine,,,,,
S1X80,Chefs cuisiniers,G1601,Q_0678,Management du personnel de cuisine,,,,,
S1X40,Cuisiniers,G1601,Q_1235,Management du personnel de cuisine,,,,,
S3X90,Patrons et cadres de l’hôtellerie et de la restauration,G1601,Q_49,Management du personnel de cuisine,,,,,
S2X60,Employés de l'hôtellerie,G1501,Q_0123456,Personnel d'étage,,,,,
S2X81,Agents de maîtrise de l'hôtellerie et de la gestion des structures de loisirs,G1501,Q_789,Personnel d'étage,,,,,
S2X60,Employés de l'hôtellerie,G1502,Q_0123456,Personnel polyvalent d'hôtellerie,,,,,
S2X81,Agents de maîtrise de l'hôtellerie et de la gestion des structures de loisirs,G1502,Q_789,Personnel polyvalent d'hôtellerie,,,,,
S2X60,Employés de l'hôtellerie,G1702,Q_0123456,Personnel du hall,,,,,
S2X81,Agents de maîtrise de l'hôtellerie et de la gestion des structures de loisirs,G1702,Q_789,Personnel du hall,,,,,
S2X60,Employés de l'hôtellerie,G1703,Q_0123456,Réception en hôtellerie,,,,,
S2X81,Agents de maîtrise de l'hôtellerie et de la gestion des structures de loisirs,G1703,Q_78,Réception en hôtellerie,,,,,
S3X90,Patrons et cadres de l’hôtellerie et de la restauration,G1703,Q_9,Réception en hôtellerie,,,,,
S2X61,Serveurs de cafés restaurants,G1801,Q_012356,"Café, bar brasserie",,,,,
S2X80,Agents de maîtrise de la restauration,G1801,Q_78,"Café, bar brasserie",,,,,
S3X90,Patrons et cadres de l’hôtellerie et de la restauration,G1801,Q_49,"Café, bar brasserie",,,,,
S2X61,Serveurs de cafés restaurants,G1803,Q_012356,Service en restauration,,,,,
S2X80,Agents de maîtrise de la restauration,G1803,Q_78,Service en restauration,,,,,
S3X90,Patrons et cadres de l’hôtellerie et de la restauration,G1803,Q_49,Service en restauration,,,,,
S2X61,Serveurs de cafés restaurants,G1802,Q_012356,Management du service en restauration,,,,,
S2X80,Agents de maîtrise de la restauration,G1802,Q_78,Management du service en restauration,,,,,
S3X90,Patrons et cadres de l’hôtellerie et de la restauration,G1802,Q_49,Management du service en restauration,,,,,
S2X80,Agents de maîtrise de la restauration,G1804,Q_012345678,Sommellerie,,,,,
S3X90,Patrons et cadres de l’hôtellerie et de la restauration,G1804,Q_9,Sommellerie,,,,,
S2X60,Employés de l'hôtellerie,G1503,Q_0123456,Management du personnel d'étage,,,,,
S2X81,Agents de maîtrise de l'hôtellerie et de la gestion des structures de loisirs,G1503,Q_78,Management du personnel d'étage,,,,,
S3X90,Patrons et cadres de l’hôtellerie et de la restauration,G1503,Q_9,Management du personnel d'étage,,,,,
S2X60,Employés de l'hôtellerie,G1701,Q_0123456,Conciergerie en hôtellerie,,,,,
S2X81,Agents de maîtrise de l'hôtellerie et de la gestion des structures de loisirs,G1701,Q_78,Conciergerie en hôtellerie,,,,,
S3X90,Patrons et cadres de l’hôtellerie et de la restauration,G1701,Q_9,Conciergerie en hôtellerie,,,,,
S3X90,Patrons et cadres de l’hôtellerie et de la restauration,G1401,Q_049,Assistance de direction d'hôtel - restaurant,,,,,
S2X81,Agents de maîtrise de l'hôtellerie et de la gestion des structures de loisirs,G1401,Q_1235678,Assistance de direction d'hôtel - restaurant,,,,,
S3X90,Patrons et cadres de l’hôtellerie et de la restauration,G1402,Q_049,Management d'hôtel - restaurant,,,,,
S2X81,Agents de maîtrise de l'hôtellerie et de la gestion des structures de loisirs,G1402,Q_1235678,Management d'hôtel - restaurant,,,,,
S3X90,Patrons et cadres de l’hôtellerie et de la restauration,G1403,Q_049,Gestion de structure de loisirs ou d'hébergement touristique,,,,,
S2X81,Agents de maîtrise de l'hôtellerie et de la gestion des structures de loisirs,G1403,Q_1235678,Gestion de structure de loisirs ou d'hébergement touristique,,,,,
S3X90,Patrons et cadres de l’hôtellerie et de la restauration,G1404,Q_049,Management d'établissement de restauration collective,,,,,
S2X80,Agents de maîtrise de la restauration,G1404,Q_1235678,Management d'établissement de restauration collective,,,,,
T0X60a,Coiffeurs,D1202,,Coiffure,,,,,
T0X60b,"Esthéticiens, manucure, hydrothérapie",D1203,,Hydrothérapie,,,,,
T0X60b,"Esthéticiens, manucure, hydrothérapie",D1208,,Soins esthétiques et corporels,,,,,
T1X60,Personnels de ménage chez des particuliers,K1304,,Services domestiques,,,,,
T2A60,Aides à domicile et auxiliaires de vie,K1302,,Assistance auprès d'adultes,,,,,
T2A60,Aides à domicile et auxiliaires de vie,K1305,,Intervention sociale et familiale,,,,,
T2B60a,"Assistants maternels, assistants familiaux et gardes à domicile",K1303,,Assistance auprès d'enfants,,,,,
T3X60,Concierges,K2501,,Gardiennage de locaux,,,,,
T3X61,Agents de sécurité et de surveillance,K2502,,Management de sécurité privée,,,,,
T3X61,Agents de sécurité et de surveillance,K2503,,Sécurité et surveillance privées,,,,,
B6X73,Techniciens et agents de maîtrise de chantiers du BTP,I1501,Q_789,Intervention en grande hauteur,,,,,
B2X31a,"Ouvriers peu qualifiés en travaux de façade, d'étanchéité et d'isolation",I1501,Q_125,Intervention en grande hauteur,,,,,
B2X31b,"Ouvriers qualifiés en travaux de façade, d'étanchéité et d'isolation",I1501,Q_0346,Intervention en grande hauteur,,,,,
T4X60,Agents d'entretien de locaux,K2202,,Lavage de vitres,,,,,
T4X60,Agents d'entretien de locaux,K2203,,Management et inspection en propreté de locaux,,,,,
T4X60,Agents d'entretien de locaux,K2204,,Nettoyage de locaux,,,,,
T4X61,Agents de service hospitaliers,J1301,,Personnel polyvalent des services hospitaliers,,,,,
T4X62a,Agents d'entretien des espaces urbains,I1201,,Entretien d'affichage et mobilier urbain,,,,,
T4X62a,Agents d'entretien des espaces urbains,I1202,,Entretien et surveillance du tracé routier,,,,,
T4X62b,Agents d'entretien industriel,I1503,Q_0123456,Intervention en milieux et produits nocifs,,,,,
T4X62b,Agents d'entretien industriel,K2301,Q_0123456,Distribution et assainissement d'eau,,,,,
T4X62a,Agents d'entretien des espaces urbains,K2303,,Nettoyage des espaces urbains,,,,,
T4X62b,Agents d'entretien industriel,K2304,,Revalorisation de produits industriels,,,,,
T4X62a,Agents d'entretien des espaces urbains,K2305,,Salubrité et traitement de nuisibles,,,,,
T6X61a,"Personnels d'attraction, de structures de loisirs et personnels techniques des jeux",G1205,,Personnel d'attractions ou de structures de loisirs,,,,,
T6X61a,"Personnels d'attraction, de structures de loisirs et personnels techniques des jeux",G1206,,Personnel technique des jeux,,,,,
T6X61b,Chargés en développement personnel et en bien-être de la personne,K1103,,Développement personnel et bien-être de la personne,,,,,
T6X61c,Personnels des services funéraires,K2601,,Conduite d'opérations funéraires,,,,,
T6X61c,Personnels des services funéraires,K2602,,Conseil en services funéraires,,,,,
T6X61c,Personnels des services funéraires,K2603,,Thanatopraxie,,,,,
U0X80,Assistants de la communication,E1101,Q_01235678,Animation de site multimédia,,,,,
U0X80,Assistants de la communication,E1103,Q_01235678,Communication,,,,,
U0X80,Assistants de la communication,E1107,Q_01235678,Organisation d'événementiel,,,,,
U0X80,Assistants de la communication,E1401,Q_01235678,Développement et promotion publicitaire,,,,,
U0X80,Assistants de la communication,E1402,Q_01235678,Élaboration de plan média,,,,,
U0X81,Interprètes,E1108,,"Traduction, interprétariat",,,,,
U0X90,Cadres de la communication,E1101,Q_49,Animation de site multimédia,,,,,
U0X90,Cadres de la communication,E1103,Q_49,Communication,,,,,
U0X90,Cadres de la communication,E1107,Q_49,Organisation d'événementiel,,,,,
U0X90,Cadres de la communication,E1401,Q_49,Développement et promotion publicitaire,,,,,
U0X90,Cadres de la communication,E1402,Q_49,Élaboration de plan média,,,,,
U1X80a,Producteurs de spectacles et promoteurs d'artistes,L1303,,Promotion d'artistes et de spectacles *,,,,,
U0X91,Cadres et techniciens de la documentation,K1601,,Gestion de l'information et de la documentation,,,,,
U0X92a,Professionnels de l'édition,E1105,,Coordination d'édition,,,,,
U0X92b,Journalistes et responsable de l'information média,E1106,,Journalisme et information média,,,,,
U1X80d,Techniciens du décor et de la régie,E1204,,Projection cinéma,,,,,
U1X80a,Producteurs de spectacles et promoteurs d'artistes,L1302,,"Production et administration spectacle, cinéma et audiovisuel",,,,,
U1X80b,Techniciens de la réalisation cinématographique et audiovisuelle,L1304,,Réalisation cinématographique et audiovisuelle,,,,,
U1X80c,Techniciens de la préparation de spectacles,L1501,,Coiffure et maquillage spectacle,,,,,
U1X80c,Techniciens de la préparation de spectacles,L1502,,Costume et Habillage spectacle,,,,,
U1X80c,Techniciens de la préparation de spectacles,L1503,,Décor et accessoires spectacle,,,,,
U1X80d,Techniciens du décor et de la régie,L1504,,Éclairage spectacle,,,,,
U1X80b,Techniciens de la réalisation cinématographique et audiovisuelle,L1505,,Image cinématographique et télévisuelle,,,,,
U1X80d,Techniciens du décor et de la régie,L1506,,Machinerie spectacle,,,,,
U1X80b,Techniciens de la réalisation cinématographique et audiovisuelle,L1507,,Montage et post-production,,,,,
U1X80d,Techniciens du décor et de la régie,L1508,,Prise de son et sonorisation,,,,,
U1X80d,Techniciens du décor et de la régie,L1509,,Régie générale,,,,,
U1X81,Photographes,E1201,,Photographie,,,,,
U1X82a,Concepteur-décorateur d’espaces,B1301,,Décoration d'espaces vente,,,,,
U1X82b,Concepteur-designer de produits,B1805,,Stylisme,,,,,
U1X82c,Concepteur et réalisateur multimédia,E1104,,Conception de contenus multimédias,,,,,
U1X82c,Concepteur et réalisateur multimédia,E1205,,Réalisation de contenus multimédias,,,,,
U1X82a,Concepteur-décorateur d’espaces,F1102,Q_0123456,Conception aménagement d'espaces intérieurs,,,,,
U1X82b,Concepteur-designer de produits,H1204,,Design industriel,,,,,
U1X82d,Concepteurs et réalisateurs de films d'animation,L1510,,Films d'animation et effets spéciaux,,,,,
U1X91b,Enseignants artistiques,K2105,,Enseignement artistique,,,,,
U1X91a,Artistes interprètes et metteurs en scène,L1101,,Animation musicale et scénique,,,,,
U1X91a,Artistes interprètes et metteurs en scène,L1102,,Mannequinat et pose artistique,,,,,
U1X91a,Artistes interprètes et metteurs en scène,L1103,,Présentation de spectacles ou d'émissions,,,,,
U1X91a,Artistes interprètes et metteurs en scène,L1201,,Danse,,,,,
U1X91a,Artistes interprètes et metteurs en scène,L1202,,Musique et chant,,,,,
U1X91a,Artistes interprètes et metteurs en scène,L1203,,Art dramatique,,,,,
U1X91a,Artistes interprètes et metteurs en scène,L1204,,Arts du cirque et arts visuels,,,,,
U1X91a,Artistes interprètes et metteurs en scène,L1301,,Mise en scène de spectacles vivants,,,,,
U1X92,Écrivains,E1102,,"Écriture d'ouvrages, de livres",,,,,
U1X93,Artistes plasticiens,B1101,,Création en arts plastiques,,,,,
V0X60a,Aide aux soins des animaux,A1501,,Aide aux soins animaux,,,,,
V0X60b,Assistants médico-techniques,J1303,,Assistance médico-technique,,,,,
T2B60c,Aide en puériculture,J1304,,Aide en puériculture,,,,,
V0X60c,Aides-soignants,J1501,,"Soins d'hygiène, de confort du patient",,,,,
V4X84,Aides médico-psychologiques,K1301,,Accompagnement médicosocial,,,,,
V1X80,Infirmiers et sages-femmes,J1502,,Coordination de services médicaux ou paramédicaux,,,,,
V1X80b,"Infirmiers spécialisés, en anesthésie, en bloc opératoire",J1503,,Soins infirmiers spécialisés en anesthésie,,,,,
V1X80b,"Infirmiers spécialisés, en anesthésie, en bloc opératoire",J1504,,Soins infirmiers spécialisés en bloc opératoire,,,,,
V1X80a,Infirmiers généralistes et de prévention,J1505,,Soins infirmiers spécialisés en prévention,,,,,
V1X80a,Infirmiers généralistes et de prévention,J1506,,Soins infirmiers généralistes,,,,,
V1X80c,Infirmiers spécialisés en puériculture,J1507,,Soins infirmiers spécialisés en puériculture,,,,,
V1X80d,Sages-femmes,J1104,,Suivi de la grossesse et de l'accouchement,,,,,
V2X90,Médecins,J1101,,Médecine de prévention,,,,,
V2X90,Médecins,J1102,,Médecine généraliste et spécialisée,,,,,
V2X90,Médecins,K1402,,Conseil en Santé Publique *,,,,,
V2X91,Dentistes,J1103,,Médecine dentaire,,,,,
V2X92,Vétérinaires,A1504,,Santé animale,,,,,
V2X93b,Biologistes médicaux,J1201,,Biologie médicale,,,,,
V2X93a,Pharmaciens,J1202,,Pharmacie,,,,,
V3X70a,Techniciens de laboratoire médical,J1302,,Analyses médicales,,,,,
V3X70b,Techniciens en imagerie médicale,J1306,,Imagerie médicale,,,,,
V3X70c,Préparation en pharmacie,J1307,,Préparation en pharmacie,,,,,
V3X71a,"Prothèses, orthèses et audioprothèses",J1401,,Audioprothèses,,,,,
V3X71b,Optique – lunetterie,J1405,,Optique – lunetterie,,,,,
V3X71c,Prothèses dentaires,J1410,,Prothèses dentaires,,,,,
V3X71a,"Prothèses, orthèses et audioprothèses",J1411,,Prothèses et orthèses,,,,,
V3X80a,Diététique,J1402,,Diététique,,,,,
V3X80b,Ergothérapeute,J1403,,Ergothérapie,,,,,
V3X80c,masseurs-kinésithérapeuthes,J1404,,Kinésithérapie,,,,,
V3X80d,Orthophonistes et spécialistes de l'orthoptique,J1406,,Orthophonie,,,,,
V3X80d,Orthophonistes et spécialistes de l'orthoptique,J1407,,Orthoptique,,,,,
V3X80f,Ostéopathie et chiropraxie,J1408,,Ostéopathie et chiropraxie,,,,,
V3X80g,Pédicurie et podologie,J1409,,Pédicurie et podologie,,,,,
V3X80h,Psychomotricien,J1412,,Rééducation en psychomotricité,,,,,
V3X90,"Psychologues, psychothérapeutes",K1104,,Psychologie,,,,,
V4X80,Professionnels de l’orientation et de l’insertion professionnelle,K1801,,Conseil en emploi et insertion socioprofessionnelle,,,,,
V4X80,Professionnels de l’orientation et de l’insertion professionnelle,K2112,,Orientation scolaire et professionnelle,,,,,
V4X83a,Éducateurs de jeunes enfants,K1202,,Éducation de jeunes enfants,,,,,
V4X83b,"Éducateurs techniques spécialisés, moniteurs d’ateliers",K1203,,Encadrement technique en insertion professionnelle,,,,,
V4X85d,Accueillants et médiateurs sociaux,K1204,,Facilitation de la vie sociale,,,,,
V4X83b,"Éducateurs techniques spécialisés, moniteurs d’ateliers",K1207,,Intervention socioéducative,,,,,
V4X85a,Agents de médiation conjugale et familiale et aide aux bénéficiaires d'une mesure de protection juridique,K1101,,Accompagnement et médiation familiale,,,,,
V4X85a,Agents de médiation conjugale et familiale et aide aux bénéficiaires d'une mesure de protection juridique,K1102,,Aide aux bénéficiaires d'une mesure de protection juridique,,,,,
V4X85c,action et médiation sociale,K1201,,Action sociale,,,,,
V4X85d,Accueillants et médiateurs sociaux,K1205,,Information et médiation sociale,,,,,
V5X81,Professionnels de l'animation socioculturelle,G1202,,Animation d'activités culturelles ou ludiques,,,,,
V5X81,Professionnels de l'animation socioculturelle,G1203,,Animation de loisirs auprès d'enfants ou d'adolescents,,,,,
V5X81,Professionnels de l'animation socioculturelle,K1206,,Intervention socioculturelle,,,,,
V5X82,Sportifs et animateurs sportifs,G1204,,Éducation en activités sportives,,,,,
V5X82,Sportifs et animateurs sportifs,L1401,,Sportif professionnel,,,,,
V5X84a,Surveillants d'établissements scolaires,K2104,,Éducation et surveillance au sein d'établissements d'enseignement,,,,,
W0X80,Professeurs des écoles,K2106,,Enseignement des écoles,,,,,
W0X90,Professeurs du secondaire,K2107,,Enseignement général du second degré,,,,,
W0X90,Professeurs du secondaire,K2109,,Enseignement technique et professionnel,,,,,
W0X91,Directeurs d’établissements du secondaire ou du supérieur et inspecteurs,K2103,,Direction d'établissement et d'enseignement,,,,,
W0X92,Professeurs du supérieur,K2108,,Enseignement supérieur,,,,,
W1X80a,Formateurs en conduite,K2110,,Formation en conduite de véhicules,,,,,
W1X80b,Formateurs professionnels,K2111,,Formation professionnelle,,,,,